,feature_name
ADAMDEC1,ADAMDEC1
ZCCHC4,ZCCHC4
WRAP53,WRAP53
CALD1,CALD1
IL7R,IL7R
CKB,CKB
ZBED2,ZBED2
CAPG,CAPG
SARDH,SARDH
NRXN1,NRXN1
IGHV3-66,IGHV3-66
EPHA2,EPHA2
SLC8A3,SLC8A3
ACTA2,ACTA2
RARRES1,RARRES1
MFSD5,MFSD5
MIR583HG,MIR583HG
WDCP,WDCP
DMPK,DMPK
MCAM,MCAM
TNFAIP2,TNFAIP2
FSIP1,FSIP1
LINC00520,LINC00520
HS3ST3B1,HS3ST3B1
SPAG6,SPAG6
GZMM,GZMM
TRAV38-1,TRAV38-1
RTKN,RTKN
ITGAX,ITGAX
RRM2,RRM2
PIGV,PIGV
SH3PXD2A,SH3PXD2A
CXCL14,CXCL14
FZD7,FZD7
TMC5,TMC5
TMEM182,TMEM182
KIRREL3,KIRREL3
LINC00265,LINC00265
MMS19,MMS19
PAPSS2,PAPSS2
GABRB2,GABRB2
DGAT2,DGAT2
METAP1,METAP1
ENPP1,ENPP1
TNNC1,TNNC1
MYO1B,MYO1B
GLB1L,GLB1L
CHRNA1,CHRNA1
MAP2,MAP2
CLEC4G,CLEC4G
FPR2,FPR2
BEST4,BEST4
OPLAH,OPLAH
ZNF253,ZNF253
RHOBTB1,RHOBTB1
CRY2,CRY2
ZNF620,ZNF620
TRBV19,TRBV19
CCDC150,CCDC150
MAPK6-DT,MAPK6-DT
EXOC6B,EXOC6B
PEX12,PEX12
HOMER2,HOMER2
MYADM,MYADM
ELL3,ELL3
ITM2C,ITM2C
CDCA7,CDCA7
MT1E,MT1E
GPR161,GPR161
GAS2,GAS2
PLEK2,PLEK2
ZNF10,ZNF10
TTC38,TTC38
TMEM255B,TMEM255B
CYTH3,CYTH3
LINC02649,LINC02649
MXD1,MXD1
PREX2,PREX2
PLD3,PLD3
TCIRG1,TCIRG1
ELOVL7,ELOVL7
PATL2,PATL2
C1QTNF3,C1QTNF3
IGHV1-69D,IGHV1-69D
S100P,S100P
LGALS1,LGALS1
KBTBD7,KBTBD7
TMEM40,TMEM40
PCGF6,PCGF6
EEF1A1,EEF1A1
HEATR9,HEATR9
KCNJ1,KCNJ1
GRM7,GRM7
ZNF563,ZNF563
SCN9A,SCN9A
ACSF2,ACSF2
NDRG4,NDRG4
CC2D2A,CC2D2A
LIPG,LIPG
ZNF662,ZNF662
CXCR2,CXCR2
SEMA6A,SEMA6A
GEMIN4,GEMIN4
TCF7L1,TCF7L1
ALS2,ALS2
WFDC2,WFDC2
STRIP2,STRIP2
IFIT2,IFIT2
GDF9,GDF9
RNASE2,RNASE2
ADGB,ADGB
UBXN10,UBXN10
PDE6G,PDE6G
ABRA,ABRA
RNF19B,RNF19B
NCAM1,NCAM1
SOX5,SOX5
HIGD2B,HIGD2B
GOLGA8H,GOLGA8H
LIX1-AS1,LIX1-AS1
LINC01565,LINC01565
PTH2R,PTH2R
IGLV1-44,IGLV1-44
ARFGAP1,ARFGAP1
ZNF574,ZNF574
LYG1,LYG1
CCNE1,CCNE1
ADHFE1,ADHFE1
PJVK,PJVK
ITGB5,ITGB5
ANKRD20A1,ANKRD20A1
LNCTAM34A,LNCTAM34A
PLAUR,PLAUR
SLA,SLA
MMRN1,MMRN1
KIF3C,KIF3C
MMP19,MMP19
DAGLB,DAGLB
CHCHD6,CHCHD6
LINC02345,LINC02345
POLE2,POLE2
SLC26A5,SLC26A5
TAL1,TAL1
LINC01415,LINC01415
CBR3,CBR3
GP6,GP6
OPRM1,OPRM1
SCT,SCT
ZNF365,ZNF365
TRBV27,TRBV27
PHTF1,PHTF1
CGAS,CGAS
MNDA,MNDA
KCNJ2,KCNJ2
MYC,MYC
EGFL6,EGFL6
CDPF1,CDPF1
ZNF696,ZNF696
LURAP1L,LURAP1L
TNFAIP1,TNFAIP1
RPP40,RPP40
LINC01891,LINC01891
ABCA2,ABCA2
PCDHGA8,PCDHGA8
PGAP2,PGAP2
NEDD4,NEDD4
FAM124A,FAM124A
LMNA,LMNA
TSPAN5,TSPAN5
ARL6,ARL6
ALDH1A1,ALDH1A1
DUSP15,DUSP15
FAM229A,FAM229A
CCL4,CCL4
METTL6,METTL6
TRAV10,TRAV10
LRRC17,LRRC17
BSCL2,BSCL2
ZBTB5,ZBTB5
ZNF175,ZNF175
PMFBP1,PMFBP1
RALGPS2,RALGPS2
PPBP,PPBP
MPP1,MPP1
PYGM,PYGM
LINC02449,LINC02449
AATK,AATK
HPX,HPX
LRG1,LRG1
CNKSR2,CNKSR2
PFKFB1,PFKFB1
CPS1,CPS1
POLG2,POLG2
MATK,MATK
MAOB,MAOB
LINC01235,LINC01235
LOXL4,LOXL4
SMIM24,SMIM24
NREP,NREP
NCR3LG1,NCR3LG1
TLCD5,TLCD5
PHLDA2,PHLDA2
PRR16,PRR16
TRBV5-4,TRBV5-4
CKS2,CKS2
NRIP2,NRIP2
ZFP92,ZFP92
CASKIN2,CASKIN2
TGDS,TGDS
GPR137C,GPR137C
ALG8,ALG8
BICDL1,BICDL1
HARBI1,HARBI1
FICD,FICD
HARS2,HARS2
CCDC191,CCDC191
CRHBP,CRHBP
RDH16,RDH16
ATP7B,ATP7B
IKZF3,IKZF3
CDH26,CDH26
TNFSF4,TNFSF4
ARHGEF19,ARHGEF19
ELL2,ELL2
FAM90A1,FAM90A1
CCDC136,CCDC136
FAXDC2,FAXDC2
EPB41L4A,EPB41L4A
RAD52,RAD52
EMILIN1,EMILIN1
DPEP3,DPEP3
ZNF80,ZNF80
RGS20,RGS20
SPARC,SPARC
TRIM61,TRIM61
RHOXF1,RHOXF1
KL,KL
HORMAD1,HORMAD1
INSL6,INSL6
MT-ATP8,MT-ATP8
LINC01750,LINC01750
BCDIN3D,BCDIN3D
ZNF496,ZNF496
CDK5R1,CDK5R1
NRARP,NRARP
NOVA1,NOVA1
EVPL,EVPL
ABCC8,ABCC8
CLDN11,CLDN11
GCOM1,GCOM1
C1R,C1R
LINC02391,LINC02391
TANC1,TANC1
ZKSCAN3,ZKSCAN3
NRBP2,NRBP2
BIRC7,BIRC7
SLC19A2,SLC19A2
CLEC12A,CLEC12A
ZNF730,ZNF730
A2ML1,A2ML1
CLGN,CLGN
ZFP2,ZFP2
LINC02605,LINC02605
DCST1,DCST1
TSPAN7,TSPAN7
IGHA2,IGHA2
ZDHHC14,ZDHHC14
HSPB1,HSPB1
LRRC63,LRRC63
DRC1,DRC1
LINC01943,LINC01943
APOC1,APOC1
MTCL1,MTCL1
CTH,CTH
DISP1,DISP1
TRAV16,TRAV16
CARD6,CARD6
KIF7,KIF7
GSTM2,GSTM2
TM4SF1,TM4SF1
KDM6B,KDM6B
CST7,CST7
SYCP2L,SYCP2L
CCDC110,CCDC110
BTG2,BTG2
CFAP44,CFAP44
CLMP,CLMP
MRM3,MRM3
AZU1,AZU1
CORO6,CORO6
JAG2,JAG2
MITF,MITF
KCNQ2,KCNQ2
IFT46,IFT46
MEIKIN,MEIKIN
PAQR8,PAQR8
CYP2U1,CYP2U1
NPTX2,NPTX2
PAX8,PAX8
LINC01554,LINC01554
NEIL1,NEIL1
THAP10,THAP10
ALAS2,ALAS2
LANCL3,LANCL3
MTMR8,MTMR8
ZSCAN5A,ZSCAN5A
ST8SIA1,ST8SIA1
RFPL4A,RFPL4A
AKR1C1,AKR1C1
UBE2C,UBE2C
BMP1,BMP1
PROX1,PROX1
LINC00880,LINC00880
RNF144B,RNF144B
SLC38A7,SLC38A7
FAM227B,FAM227B
SLAMF1,SLAMF1
TTK,TTK
P2RY1,P2RY1
PLK1,PLK1
MYRIP,MYRIP
CTTNBP2NL,CTTNBP2NL
DIO1,DIO1
WDR91,WDR91
TRAV9-2,TRAV9-2
IFIT3,IFIT3
COL4A1,COL4A1
CMTM5,CMTM5
LINC01303,LINC01303
MFSD2A,MFSD2A
RCL1,RCL1
GSTM1,GSTM1
STMN1,STMN1
BACH1-IT2,BACH1-IT2
EYA2,EYA2
ZSCAN30,ZSCAN30
LINC02246,LINC02246
LYPD2,LYPD2
PDZD7,PDZD7
FOSB,FOSB
ANXA2,ANXA2
LITAF,LITAF
TSPAN33,TSPAN33
CRYZ,CRYZ
LINC00865,LINC00865
NCAPH,NCAPH
ST7,ST7
LPL,LPL
ATP1B2,ATP1B2
PARP3,PARP3
ZNF527,ZNF527
ZFYVE26,ZFYVE26
TTC7B,TTC7B
CADM1,CADM1
PARD3B,PARD3B
AQP8,AQP8
SNAPC4,SNAPC4
ZNF287,ZNF287
BCO2,BCO2
LOXL1,LOXL1
CETP,CETP
CABP1,CABP1
ABCA6,ABCA6
MTMR7,MTMR7
DGKD,DGKD
TNR,TNR
SDSL,SDSL
CCNB2,CCNB2
FBXO32,FBXO32
KLRD1,KLRD1
TRAF2,TRAF2
RNF212B,RNF212B
NLRP3,NLRP3
MYRFL,MYRFL
MYZAP,MYZAP
VMP1,VMP1
CR1,CR1
MS4A3,MS4A3
LINC00881,LINC00881
BMP3,BMP3
GLRA3,GLRA3
KNSTRN,KNSTRN
EPAS1,EPAS1
MILR1,MILR1
PPL,PPL
ZNF331,ZNF331
MAEL,MAEL
BBS1,BBS1
USP21,USP21
HOXB6,HOXB6
FZD6,FZD6
CXCL9,CXCL9
UCN,UCN
USP30,USP30
TRIM59,TRIM59
FXYD6,FXYD6
ACKR2,ACKR2
SLC27A2,SLC27A2
LRFN1,LRFN1
MUC1,MUC1
FTL,FTL
TREML1,TREML1
NATD1,NATD1
C2orf92,C2orf92
ZNF391,ZNF391
CD24,CD24
SLCO1A2,SLCO1A2
PCSK6,PCSK6
S100A3,S100A3
ATP1A4,ATP1A4
FAM87B,FAM87B
TEX30,TEX30
PSAP,PSAP
BRMS1L,BRMS1L
CC2D1B,CC2D1B
PRR29-AS1,PRR29-AS1
LYPD3,LYPD3
DENND2A,DENND2A
ALOX15,ALOX15
CUL7,CUL7
RBPMS2,RBPMS2
CAMP,CAMP
GLDC,GLDC
INPP1,INPP1
LINC00907,LINC00907
BUB1,BUB1
NSUN7,NSUN7
POGLUT2,POGLUT2
WDR25,WDR25
CNRIP1,CNRIP1
INTS14,INTS14
LIF,LIF
CRYBA4,CRYBA4
HOXA6,HOXA6
TPM1,TPM1
KRT81,KRT81
STAB1,STAB1
IRGM,IRGM
ZNF441,ZNF441
PKD1L1,PKD1L1
TRAV26-2,TRAV26-2
AKR1B1,AKR1B1
KLRC2,KLRC2
TTLL3,TTLL3
TRIP4,TRIP4
TXK,TXK
B3GNT7,B3GNT7
AMOT,AMOT
CYP19A1,CYP19A1
IL1RL2,IL1RL2
ISG15,ISG15
TNFSF13,TNFSF13
FAIM2,FAIM2
ZNF829,ZNF829
GLDN,GLDN
LINC02604,LINC02604
MIPEP,MIPEP
IGHV1-2,IGHV1-2
SIRPG,SIRPG
MAMDC2,MAMDC2
MYBL1,MYBL1
EGOT,EGOT
TRBV7-9,TRBV7-9
HEATR4,HEATR4
MLXIPL,MLXIPL
INCA1,INCA1
DONSON,DONSON
PTGDR2,PTGDR2
CYBB,CYBB
FANCL,FANCL
TIMP1,TIMP1
DIRAS3,DIRAS3
INPPL1,INPPL1
PHLPP1,PHLPP1
RNF157,RNF157
MAP3K6,MAP3K6
BOK,BOK
WASIR2,WASIR2
BRICD5,BRICD5
ABCC2,ABCC2
CGREF1,CGREF1
GMEB2,GMEB2
IGLV3-1,IGLV3-1
OLMALINC,OLMALINC
RSPH14,RSPH14
ANKRD54,ANKRD54
RNF227,RNF227
LUCAT1,LUCAT1
ZNF727,ZNF727
VCL,VCL
LINC00402,LINC00402
NUDT11,NUDT11
ZNF443,ZNF443
SPRED2,SPRED2
CX3CR1,CX3CR1
LINC00656,LINC00656
CLCF1,CLCF1
NR4A3,NR4A3
EXTL2,EXTL2
IGLV1-51,IGLV1-51
PDLIM1,PDLIM1
APOBEC3A,APOBEC3A
EIF4ENIF1,EIF4ENIF1
TLR4,TLR4
FANCI,FANCI
MAP1LC3B2,MAP1LC3B2
CSTF2,CSTF2
ZNF571,ZNF571
MMP1,MMP1
ZNF202,ZNF202
SMYD3,SMYD3
BBS12,BBS12
SCGB3A1,SCGB3A1
PODXL,PODXL
LINC00598,LINC00598
COL5A1,COL5A1
CENPU,CENPU
SPEG,SPEG
ASPN,ASPN
OGFRP1,OGFRP1
CRELD1,CRELD1
IL4I1,IL4I1
ANKRD22,ANKRD22
SIGMAR1,SIGMAR1
HES6,HES6
CNTF,CNTF
TMEM262,TMEM262
XIRP2,XIRP2
IGSF11,IGSF11
A2M,A2M
EDC4,EDC4
PTGDS,PTGDS
CRB1,CRB1
AIFM2,AIFM2
ZXDB,ZXDB
TGM2,TGM2
TRIP13,TRIP13
KBTBD6,KBTBD6
LINC01725,LINC01725
SMARCA1,SMARCA1
RBFOX2,RBFOX2
PTPN20,PTPN20
SLC25A37,SLC25A37
BSPRY,BSPRY
ACP5,ACP5
CAPN11,CAPN11
PTGES,PTGES
ABHD6,ABHD6
INKA1,INKA1
LRWD1,LRWD1
BRI3,BRI3
CCDC78,CCDC78
TMEM158,TMEM158
GUCA1B,GUCA1B
TMEM140,TMEM140
ALS2CL,ALS2CL
EPHX3,EPHX3
MASP2,MASP2
CALCRL,CALCRL
LINC01933,LINC01933
DNAJB4,DNAJB4
PLPPR2,PLPPR2
DEPDC7,DEPDC7
TUT1,TUT1
ACTR5,ACTR5
APOE,APOE
HSPD1,HSPD1
NAP1L5,NAP1L5
TMEM171,TMEM171
PLD2,PLD2
ZNF347,ZNF347
SNAP91,SNAP91
SNCA,SNCA
FBXO38,FBXO38
TRDC,TRDC
LIPA,LIPA
ZC3H12B,ZC3H12B
SLC39A14,SLC39A14
RFC5,RFC5
PTPN7,PTPN7
ALOX15B,ALOX15B
ATF3,ATF3
LINC02021,LINC02021
AK9,AK9
FALEC,FALEC
RAD51,RAD51
PAK6,PAK6
SLC15A2,SLC15A2
HYKK,HYKK
AFAP1L2,AFAP1L2
TUBD1,TUBD1
ACVR1,ACVR1
AQP9,AQP9
IL12A,IL12A
TUBG1,TUBG1
HBG1,HBG1
CTNS,CTNS
TRBV2,TRBV2
ZGPAT,ZGPAT
ANXA5,ANXA5
CTSG,CTSG
EPHX4,EPHX4
PTPRO,PTPRO
MEF2B,MEF2B
SEMA5A,SEMA5A
ZFR2,ZFR2
ZNF823,ZNF823
ZNF616,ZNF616
ITGA10,ITGA10
ATP2A1,ATP2A1
SPRED3,SPRED3
COG7,COG7
CALCB,CALCB
EFEMP2,EFEMP2
NIPA1,NIPA1
ETV7,ETV7
RNF215,RNF215
KRT86,KRT86
SDS,SDS
DNA2,DNA2
ZNF497,ZNF497
TRBV5-6,TRBV5-6
CASS4,CASS4
MZB1,MZB1
B4GALNT4,B4GALNT4
METTL27,METTL27
CPT1C,CPT1C
CXCR1,CXCR1
LINC02615,LINC02615
SAMD11,SAMD11
TMEM35B,TMEM35B
GPD1,GPD1
ZNF442,ZNF442
UBOX5,UBOX5
GAS2L3,GAS2L3
WHRN,WHRN
ITGA5,ITGA5
CRYGD,CRYGD
TRAV25,TRAV25
RNF150,RNF150
POLH,POLH
STARD13,STARD13
CERS5,CERS5
STYK1,STYK1
ZNF585B,ZNF585B
SLC26A2,SLC26A2
GPNMB,GPNMB
MT3,MT3
CELSR3,CELSR3
TEX14,TEX14
TNFSF14,TNFSF14
MICALL1,MICALL1
CFH,CFH
MLANA,MLANA
TRAV6,TRAV6
RAB33A,RAB33A
RHEBL1,RHEBL1
S100A11,S100A11
RETN,RETN
SPIC,SPIC
EDN1,EDN1
DYRK3,DYRK3
GARNL3,GARNL3
ZNF19,ZNF19
RASD1,RASD1
C1QA,C1QA
CEP97,CEP97
CD276,CD276
RMI2,RMI2
RHBDF2,RHBDF2
ARHGEF39,ARHGEF39
SCML2,SCML2
ADGRE2,ADGRE2
ZNF385D,ZNF385D
CDK7,CDK7
STARD9,STARD9
TMIGD3,TMIGD3
CEBPE,CEBPE
MYEOV,MYEOV
RIMKLB,RIMKLB
NUDT17,NUDT17
RCVRN,RCVRN
LINC02539,LINC02539
AAR2,AAR2
NINL,NINL
FFAR2,FFAR2
LRRC32,LRRC32
PFKP,PFKP
CYTH4,CYTH4
CA3,CA3
CCNF,CCNF
LRRC75B,LRRC75B
CCDC9,CCDC9
PRSS27,PRSS27
PIPOX,PIPOX
FCGR2B,FCGR2B
MMACHC,MMACHC
DPF3,DPF3
UTS2,UTS2
GNL2,GNL2
LCN2,LCN2
WDR19,WDR19
IGHV4-28,IGHV4-28
KDM8,KDM8
GFI1B,GFI1B
SELL,SELL
ADAL,ADAL
CREG2,CREG2
TTC23,TTC23
IFITM3,IFITM3
PRSS36,PRSS36
EBF3,EBF3
ERICH3,ERICH3
TRGC1,TRGC1
KIF14,KIF14
AGAP3,AGAP3
KIR3DL2,KIR3DL2
NUDT13,NUDT13
ZNF610,ZNF610
ABLIM3,ABLIM3
SMIM18,SMIM18
CDC45,CDC45
ABCA7,ABCA7
LINC02285,LINC02285
LINC00900,LINC00900
POLE,POLE
ACER1,ACER1
PHACTR4,PHACTR4
GATA1,GATA1
TMEM97,TMEM97
NMB,NMB
LAMP3,LAMP3
CLDN4,CLDN4
DCT,DCT
PDE7B,PDE7B
LINC01781,LINC01781
CDH23,CDH23
ZNF569,ZNF569
GAS6-DT,GAS6-DT
IGHV1-69,IGHV1-69
PLXNA4,PLXNA4
TRPM4,TRPM4
KIR2DL3,KIR2DL3
CFAP57,CFAP57
ZNHIT2,ZNHIT2
PF4,PF4
GALNT16,GALNT16
HSPA1A,HSPA1A
FLT1,FLT1
TMEM119,TMEM119
GNMT,GNMT
FOXD2,FOXD2
GRHL1,GRHL1
TBX21,TBX21
ENO4,ENO4
CD163,CD163
MIR193BHG,MIR193BHG
ANKS6,ANKS6
HSPA2,HSPA2
LTBP1,LTBP1
TPSAB1,TPSAB1
UST,UST
TREML2,TREML2
IGHV3-13,IGHV3-13
LINC02202,LINC02202
PDGFRB,PDGFRB
KCNQ5,KCNQ5
VIPR2,VIPR2
DCUN1D4,DCUN1D4
TIGD2,TIGD2
ZYG11A,ZYG11A
LINC01857,LINC01857
ICOS,ICOS
RUNDC3B,RUNDC3B
NEB,NEB
SMYD5,SMYD5
NRP1,NRP1
TSC22D1,TSC22D1
FABP5,FABP5
ANKRD33B,ANKRD33B
MELTF,MELTF
ADAMTS2,ADAMTS2
ANO7,ANO7
BPGM,BPGM
FAM20A,FAM20A
CTSS,CTSS
PRLR,PRLR
PRPH2,PRPH2
NPM2,NPM2
MIR194-2HG,MIR194-2HG
IFI27,IFI27
SLC35F2,SLC35F2
TRBV10-2,TRBV10-2
GGH,GGH
RCAN1,RCAN1
SYN1,SYN1
ZNF420,ZNF420
IGHG2,IGHG2
CLTRN,CLTRN
NEK10,NEK10
P2RY12,P2RY12
EGF,EGF
IGLC3,IGLC3
E4F1,E4F1
FZD3,FZD3
TRBV7-6,TRBV7-6
S1PR5,S1PR5
PGC,PGC
LINC00954,LINC00954
NHLRC1,NHLRC1
IGDCC4,IGDCC4
ZNF225,ZNF225
MYBPC2,MYBPC2
RNF144A,RNF144A
THBD,THBD
RRAD,RRAD
GDPGP1,GDPGP1
ZNF211,ZNF211
ZDHHC13,ZDHHC13
SLC25A27,SLC25A27
TNIP3,TNIP3
SPATA7,SPATA7
RSPH9,RSPH9
CUL9,CUL9
GNG11,GNG11
ATP6V0C,ATP6V0C
SDC4,SDC4
TJP2,TJP2
LINC02762,LINC02762
THRB,THRB
GUCY1B1,GUCY1B1
PDGFB,PDGFB
LINC02363,LINC02363
ME3,ME3
NCALD,NCALD
DRICH1,DRICH1
TRDMT1,TRDMT1
SCRG1,SCRG1
ZSWIM1,ZSWIM1
ZNF548,ZNF548
EEF1A2,EEF1A2
HOXB7,HOXB7
CUEDC1,CUEDC1
ULK4,ULK4
ARL4D,ARL4D
CDNF,CDNF
TRBV4-2,TRBV4-2
COQ3,COQ3
SPG11,SPG11
CCDC80,CCDC80
NBPF3,NBPF3
CPT1B,CPT1B
PLAT,PLAT
PLBD1,PLBD1
HPGD,HPGD
CAB39L,CAB39L
CLEC1B,CLEC1B
ESAM,ESAM
CRYM,CRYM
DNAJB5,DNAJB5
S100A8,S100A8
HACE1,HACE1
NRG4,NRG4
SPTLC3,SPTLC3
DCN,DCN
RAB15,RAB15
TBC1D32,TBC1D32
ORM2,ORM2
METTL22,METTL22
SLC24A1,SLC24A1
RAVER2,RAVER2
RNF25,RNF25
ZNF74,ZNF74
ZNF165,ZNF165
SS18L1,SS18L1
DHX34,DHX34
LINC02404,LINC02404
TRBV9,TRBV9
DMKN,DMKN
LRP5L,LRP5L
APOBEC3B,APOBEC3B
PYROXD2,PYROXD2
RAB6B,RAB6B
PDZD11,PDZD11
RFESD,RFESD
SCN11A,SCN11A
PER3,PER3
IGLV7-46,IGLV7-46
OLR1,OLR1
TMPRSS13,TMPRSS13
KBTBD8,KBTBD8
SGCE,SGCE
CP,CP
NLRX1,NLRX1
DDX3Y,DDX3Y
ALPK1,ALPK1
IER2,IER2
LINC02324,LINC02324
IGFBP3,IGFBP3
SRPK3,SRPK3
TG,TG
ALPK2,ALPK2
LARS2,LARS2
IGKV1-27,IGKV1-27
SLCO2B1,SLCO2B1
GSTM4,GSTM4
THBS4,THBS4
TIMD4,TIMD4
ABCC4,ABCC4
KCNE5,KCNE5
TTC26,TTC26
MATN1,MATN1
SLC45A3,SLC45A3
CARD14,CARD14
SH2D2A,SH2D2A
ACAD8,ACAD8
CTC1,CTC1
ARMC7,ARMC7
SOX6,SOX6
DCHS1,DCHS1
AMMECR1L,AMMECR1L
ZNF415,ZNF415
ZSWIM5,ZSWIM5
FFAR3,FFAR3
GLB1L2,GLB1L2
MSH4,MSH4
ZNF714,ZNF714
PPP1R26,PPP1R26
FAM133A,FAM133A
BCL6,BCL6
HTRA3,HTRA3
TRBV6-1,TRBV6-1
NFRKB,NFRKB
DNAH17,DNAH17
MMP9,MMP9
PIWIL2,PIWIL2
PDSS1,PDSS1
SPAG4,SPAG4
INSL3,INSL3
THBS3,THBS3
KCND3,KCND3
TSPOAP1,TSPOAP1
CD74,CD74
MS4A6A,MS4A6A
IGKV1-6,IGKV1-6
CDC42EP4,CDC42EP4
CENPO,CENPO
LINC00526,LINC00526
RLN2,RLN2
ADAMTS14,ADAMTS14
QRFP,QRFP
ZNF77,ZNF77
PPARGC1A,PPARGC1A
TRAIP,TRAIP
WIPF3,WIPF3
EEF1G,EEF1G
TTC8,TTC8
LCAT,LCAT
CROCC,CROCC
COBLL1,COBLL1
FAM166A,FAM166A
UBN2,UBN2
MAPK10,MAPK10
GYPA,GYPA
GSTO2,GSTO2
SCD5,SCD5
TTLL1,TTLL1
IGLV7-43,IGLV7-43
ZNF764,ZNF764
NOD2,NOD2
DAAM1,DAAM1
FAM111A-DT,FAM111A-DT
TLR2,TLR2
ZNF519,ZNF519
CORIN,CORIN
TTC22,TTC22
OXSM,OXSM
RGPD3,RGPD3
RNF222,RNF222
LINC00298,LINC00298
RTN4IP1,RTN4IP1
MMP24,MMP24
PRMT6,PRMT6
OSBPL6,OSBPL6
GSDMB,GSDMB
RGS16,RGS16
LINC02541,LINC02541
PGAP3,PGAP3
LYSMD4,LYSMD4
ASIC3,ASIC3
SCX,SCX
TRAV36DV7,TRAV36DV7
CPNE9,CPNE9
BIRC3,BIRC3
IGKV1-8,IGKV1-8
PRF1,PRF1
PCSK4,PCSK4
KCNN1,KCNN1
BLOC1S3,BLOC1S3
TRAV3,TRAV3
ADAMTS17,ADAMTS17
MAP1B,MAP1B
PRRT2,PRRT2
TMIE,TMIE
IER5,IER5
QRICH2,QRICH2
SMURF1,SMURF1
HBM,HBM
TCL1A,TCL1A
KCNAB1,KCNAB1
GSG1,GSG1
HECTD3,HECTD3
CEBPB,CEBPB
ZNF773,ZNF773
SLC37A3,SLC37A3
EXOC3L4,EXOC3L4
TFPI2,TFPI2
GORAB,GORAB
NOXRED1,NOXRED1
STXBP2,STXBP2
UCHL1,UCHL1
PTPN14,PTPN14
METTL1,METTL1
TMEM52B,TMEM52B
LDLRAD3,LDLRAD3
SRA1,SRA1
WNT2B,WNT2B
SOCS6,SOCS6
PHLDB1,PHLDB1
LINC02595,LINC02595
CTNNAL1,CTNNAL1
HLA-DPA1,HLA-DPA1
LINC01140,LINC01140
SOX11,SOX11
TEX29,TEX29
NUTM2G,NUTM2G
GPLD1,GPLD1
PLK4,PLK4
GPR18,GPR18
ZNF528,ZNF528
SPRY2,SPRY2
ZNF295-AS1,ZNF295-AS1
LINC00887,LINC00887
CENPF,CENPF
LINC01792,LINC01792
SLC5A5,SLC5A5
MAP3K8,MAP3K8
SMPDL3B,SMPDL3B
ZNF521,ZNF521
TNFRSF11A,TNFRSF11A
TTC21A,TTC21A
GINS3,GINS3
IFI30,IFI30
KCNJ15,KCNJ15
VNN1,VNN1
PENK,PENK
ZNF613,ZNF613
GRAP2,GRAP2
SVIL,SVIL
LIPC,LIPC
PLD1,PLD1
TNFSF11,TNFSF11
DPH7,DPH7
LINC02851,LINC02851
IGHV3-23,IGHV3-23
BCL2L15,BCL2L15
CELSR1,CELSR1
SPIB,SPIB
TPRG1-AS1,TPRG1-AS1
TRIM36,TRIM36
KCNRG,KCNRG
AK2,AK2
PLAC9,PLAC9
PRKAB1,PRKAB1
JUN,JUN
NT5E,NT5E
ACKR4,ACKR4
ADGRG3,ADGRG3
SLC26A6,SLC26A6
CYP7B1,CYP7B1
ZMAT4,ZMAT4
GPR171,GPR171
FBXO2,FBXO2
SGO1,SGO1
S100A1,S100A1
SGSM1,SGSM1
ULBP2,ULBP2
CRTAM,CRTAM
CAVIN2,CAVIN2
PTPRN,PTPRN
ANXA8,ANXA8
SAA2,SAA2
IRF8,IRF8
PLD6,PLD6
USP53,USP53
SEMA4C,SEMA4C
RASGRF1,RASGRF1
ENPP5,ENPP5
RASSF2,RASSF2
GADD45A,GADD45A
RGS17,RGS17
SMAD1,SMAD1
FXR2,FXR2
SLC25A34,SLC25A34
LONRF3,LONRF3
KLRG1,KLRG1
LINC00960,LINC00960
DOCK7,DOCK7
NECAB1,NECAB1
GDF15,GDF15
RFC4,RFC4
KPNA2,KPNA2
DOC2A,DOC2A
IGHV5-51,IGHV5-51
MT1H,MT1H
GAL3ST4,GAL3ST4
LRRC70,LRRC70
SNX32,SNX32
SH3BP4,SH3BP4
KIF21B,KIF21B
CD8B,CD8B
TPST1,TPST1
GPR82,GPR82
MST1,MST1
ADAM8,ADAM8
AFAP1L1,AFAP1L1
NPPA,NPPA
ZDHHC11,ZDHHC11
SLC4A10,SLC4A10
BATF2,BATF2
GSKIP,GSKIP
RNFT2,RNFT2
PLTP,PLTP
FIRRE,FIRRE
SPR,SPR
CD1C,CD1C
PIMREG,PIMREG
SSR4,SSR4
CD200,CD200
PRDM5,PRDM5
ROM1,ROM1
ZNF541,ZNF541
RWDD2B,RWDD2B
CARMN,CARMN
LINC01993,LINC01993
PLOD2,PLOD2
AVP,AVP
SPATA21,SPATA21
IGHV3-21,IGHV3-21
CYP2F1,CYP2F1
SAXO1,SAXO1
MCF2,MCF2
CAPN5,CAPN5
PCNX1,PCNX1
SLC4A1,SLC4A1
KRBA2,KRBA2
COL15A1,COL15A1
NDUFA4L2,NDUFA4L2
APLP1,APLP1
SATB2,SATB2
CD84,CD84
COL1A2,COL1A2
TMEM144,TMEM144
GLA,GLA
LINC01191,LINC01191
GNAI1,GNAI1
LINC00964,LINC00964
TRAV38-2DV8,TRAV38-2DV8
LINC00691,LINC00691
TRBV12-4,TRBV12-4
STK31,STK31
EFCC1,EFCC1
CD69,CD69
SYTL2,SYTL2
PCDHGA12,PCDHGA12
ILDR2,ILDR2
APLP2,APLP2
ELANE,ELANE
ACER2,ACER2
SENP8,SENP8
KLHDC1,KLHDC1
CCDC40,CCDC40
ETV1,ETV1
NUPR1,NUPR1
ANKRD6,ANKRD6
PIK3CD,PIK3CD
ACTN3,ACTN3
DOCK3,DOCK3
LINC01126,LINC01126
TRAV1-1,TRAV1-1
MKI67,MKI67
PLA2G1B,PLA2G1B
SLC39A8,SLC39A8
GSN,GSN
ELMO2,ELMO2
PON2,PON2
PDE3A,PDE3A
ADAMTS13,ADAMTS13
ELP1,ELP1
LRRC19,LRRC19
CEP78,CEP78
SLAMF9,SLAMF9
SH3BGRL2,SH3BGRL2
CCDC86,CCDC86
KLF4,KLF4
C1QTNF7,C1QTNF7
GLB1L3,GLB1L3
TBX1,TBX1
APMAP,APMAP
RORB,RORB
RNF212,RNF212
LINC00595,LINC00595
CA8,CA8
IPP,IPP
ECT2,ECT2
PPFIA3,PPFIA3
ZC4H2,ZC4H2
PRSS23,PRSS23
PPP2R2B,PPP2R2B
GPR3,GPR3
TYK2,TYK2
ADGRL1,ADGRL1
GTF2IRD1,GTF2IRD1
TRAV12-3,TRAV12-3
ACSBG1,ACSBG1
CABLES1,CABLES1
ITGA2,ITGA2
IGHD,IGHD
BAZ2B,BAZ2B
TSPO2,TSPO2
ZNF875,ZNF875
OSGIN1,OSGIN1
TSNAXIP1,TSNAXIP1
GADD45B,GADD45B
DHX58,DHX58
MREG,MREG
LINC01730,LINC01730
USP2,USP2
ZNF93,ZNF93
DUBR,DUBR
NPR3,NPR3
ABCA5,ABCA5
LINC00239,LINC00239
INTS9,INTS9
BFSP1,BFSP1
BHLHE40,BHLHE40
PLK3,PLK3
FAAH2,FAAH2
LINC02696,LINC02696
PDZK1IP1,PDZK1IP1
PPFIBP1,PPFIBP1
SGSH,SGSH
NEK3,NEK3
PFN4,PFN4
DANT2,DANT2
ZNF532,ZNF532
ABL2,ABL2
BMP2,BMP2
PYHIN1,PYHIN1
JPH3,JPH3
PRSS1,PRSS1
MDGA1,MDGA1
IGLV6-57,IGLV6-57
SPATA6L,SPATA6L
SLC26A8,SLC26A8
GPD1L,GPD1L
FAM227A,FAM227A
PMP22,PMP22
KATNB1,KATNB1
KIF18B,KIF18B
PPEF1,PPEF1
FKBP7,FKBP7
LINC01281,LINC01281
MED15,MED15
FRMPD3,FRMPD3
TEAD1,TEAD1
CLTCL1,CLTCL1
FPGT,FPGT
IL4R,IL4R
FAM169A,FAM169A
HAUS5,HAUS5
MTFMT,MTFMT
STX3,STX3
LYPD5,LYPD5
NEK2,NEK2
CCL4L2,CCL4L2
RORA,RORA
AXIN2,AXIN2
CYP3A5,CYP3A5
AKR7A3,AKR7A3
CEP170B,CEP170B
CACHD1,CACHD1
SPAG8,SPAG8
SNX24,SNX24
AARS2,AARS2
SLC5A3,SLC5A3
MT-ND4L,MT-ND4L
HAPLN3,HAPLN3
NPIPB12,NPIPB12
DPYSL4,DPYSL4
TMEM88,TMEM88
PRRG1,PRRG1
C2CD4B,C2CD4B
IL12RB1,IL12RB1
MNS1,MNS1
CRYBA1,CRYBA1
SLC1A3,SLC1A3
BEND2,BEND2
FBXO43,FBXO43
AGBL5,AGBL5
MMP25,MMP25
VPS9D1,VPS9D1
CYP4F12,CYP4F12
PKDCC,PKDCC
COL26A1,COL26A1
CRPPA,CRPPA
VPREB1,VPREB1
DSN1,DSN1
GOT1,GOT1
SERPINI1,SERPINI1
GCM1,GCM1
FAM209B,FAM209B
RP2,RP2
KAT2A,KAT2A
ZNF223,ZNF223
ANXA1,ANXA1
MFAP3L,MFAP3L
G0S2,G0S2
AMZ1,AMZ1
CALCR,CALCR
TEX41,TEX41
CATSPER3,CATSPER3
PELI1,PELI1
NCF2,NCF2
GCSAML,GCSAML
CSTA,CSTA
TRIM9,TRIM9
NCOA5,NCOA5
SSH3,SSH3
AHRR,AHRR
PRG2,PRG2
PIM2,PIM2
DENND6A-DT,DENND6A-DT
PACSIN3,PACSIN3
ANKRD29,ANKRD29
PTPRH,PTPRH
CEMIP,CEMIP
LGALS12,LGALS12
CSRNP2,CSRNP2
PYGL,PYGL
NDRG2,NDRG2
GPX3,GPX3
FNTB,FNTB
P3H2,P3H2
METTL3,METTL3
CACNB4,CACNB4
CIP2A,CIP2A
GJB6,GJB6
TSPO,TSPO
ASPA,ASPA
EAF1,EAF1
BIK,BIK
GPR15,GPR15
IL15RA,IL15RA
RAB23,RAB23
COL1A1,COL1A1
TRO,TRO
ZNF763,ZNF763
CAVIN1,CAVIN1
LINC02427,LINC02427
MIR155HG,MIR155HG
CCDC102B,CCDC102B
LINC02033,LINC02033
ANPEP,ANPEP
GUCY2D,GUCY2D
ERICH6,ERICH6
MYOM2,MYOM2
JAM3,JAM3
ANKK1,ANKK1
NEK5,NEK5
CKAP4,CKAP4
ENKUR,ENKUR
L3HYPDH,L3HYPDH
GJB7,GJB7
ZNF284,ZNF284
CCR9,CCR9
VSTM2L,VSTM2L
ASTN2,ASTN2
TRIB2,TRIB2
ZNF816,ZNF816
NCF1,NCF1
PDE8A,PDE8A
OIP5,OIP5
NUAK1,NUAK1
TRAV22,TRAV22
RN7SL832P,RN7SL832P
DLK2,DLK2
SDHAF1,SDHAF1
MLF1,MLF1
SPTSSB,SPTSSB
CDCA5,CDCA5
XIST,XIST
IGLV8-61,IGLV8-61
JAKMIP3,JAKMIP3
PTPRM,PTPRM
UPK1A,UPK1A
GATM,GATM
SEC11C,SEC11C
PROCR,PROCR
VPS18,VPS18
TYROBP,TYROBP
STBD1,STBD1
SHF,SHF
FAM171A1,FAM171A1
PRDM11,PRDM11
CIPC,CIPC
ERCC6L,ERCC6L
CAMKMT,CAMKMT
AASS,AASS
TOMM40L,TOMM40L
VSIG10,VSIG10
ZNF627,ZNF627
PLEKHA7,PLEKHA7
ZFAT,ZFAT
BEX3,BEX3
PLCB4,PLCB4
EPB42,EPB42
NLGN4Y,NLGN4Y
OSMR,OSMR
LINC01954,LINC01954
GFI1,GFI1
DPH2,DPH2
AMOTL1,AMOTL1
SRGN,SRGN
MUC12,MUC12
PRELID2,PRELID2
GAN,GAN
LINC02323,LINC02323
PRL,PRL
RORC,RORC
TIMM23B-AGAP6,TIMM23B-AGAP6
ZNF713,ZNF713
LINC02207,LINC02207
LGALS3,LGALS3
UQCC1,UQCC1
AFF2,AFF2
PLXDC1,PLXDC1
SUV39H2,SUV39H2
IGKV2-30,IGKV2-30
PALD1,PALD1
CTRC,CTRC
ACSM3,ACSM3
STRIP1,STRIP1
LINC02608,LINC02608
TRAV14DV4,TRAV14DV4
FER1L5,FER1L5
STK11IP,STK11IP
PIH1D2,PIH1D2
PIGL,PIGL
ADRA2A,ADRA2A
UMODL1,UMODL1
DRC3,DRC3
WDR86,WDR86
FKBP5,FKBP5
TMEM45B,TMEM45B
WDR5B,WDR5B
OLFML3,OLFML3
SDCBP,SDCBP
HSP90AB1,HSP90AB1
MCEMP1,MCEMP1
PDZD2,PDZD2
BEGAIN,BEGAIN
SLC9B1,SLC9B1
CLCN2,CLCN2
RPS27,RPS27
ZNF334,ZNF334
KIF5A,KIF5A
ACY3,ACY3
ZNF549,ZNF549
ACRBP,ACRBP
ATP2C2,ATP2C2
TMEM63C,TMEM63C
EDAR,EDAR
CLEC4E,CLEC4E
PHLDA1,PHLDA1
SPNS2,SPNS2
HSPG2,HSPG2
NOL3,NOL3
HIF3A,HIF3A
NUP35,NUP35
PPM1K-DT,PPM1K-DT
IGHV4-34,IGHV4-34
SFTPB,SFTPB
SLC13A3,SLC13A3
LINC01301,LINC01301
GASK1A,GASK1A
CDCP1,CDCP1
BCL2A1,BCL2A1
CKLF-CMTM1,CKLF-CMTM1
HRH1,HRH1
DUSP2,DUSP2
LST1,LST1
IRF6,IRF6
PDCD2L,PDCD2L
SLC7A14,SLC7A14
ARMC12,ARMC12
WNK3,WNK3
PHYHD1,PHYHD1
FBP1,FBP1
C8G,C8G
GLIPR1L2,GLIPR1L2
CPSF1,CPSF1
RAB3B,RAB3B
PLEKHG4,PLEKHG4
LINC01752,LINC01752
ALPK3,ALPK3
MTBP,MTBP
KRT23,KRT23
INPP5K,INPP5K
KCNQ3,KCNQ3
TRBV24-1,TRBV24-1
TNFRSF21,TNFRSF21
TMPPE,TMPPE
RHPN2,RHPN2
RGL1,RGL1
NHSL1,NHSL1
CABP4,CABP4
OLFML2B,OLFML2B
ZNF683,ZNF683
KLHL26,KLHL26
NAXD,NAXD
TTC16,TTC16
GPC1,GPC1
EOMES,EOMES
MCAT,MCAT
TICRR,TICRR
EXO5,EXO5
ZC3HC1,ZC3HC1
LINC02551,LINC02551
CFAP53,CFAP53
ANGPTL6,ANGPTL6
SULT1C2,SULT1C2
APOA1,APOA1
STON2,STON2
FSTL1,FSTL1
TINCR,TINCR
SERPINE2,SERPINE2
EFHC2,EFHC2
GASAL1,GASAL1
KLHL4,KLHL4
P4HA2,P4HA2
ID3,ID3
GLIDR,GLIDR
CASP9,CASP9
TAS2R5,TAS2R5
SLC17A9,SLC17A9
SERPINF1,SERPINF1
CRLF1,CRLF1
ZNF256,ZNF256
RPS6KA6,RPS6KA6
PXT1,PXT1
CXCL5,CXCL5
BLM,BLM
TRBV7-2,TRBV7-2
XCL1,XCL1
LINC02453,LINC02453
NLRP6,NLRP6
GFPT2,GFPT2
HTRA1,HTRA1
IFITM1,IFITM1
GRK7,GRK7
DRAIC,DRAIC
SEPTIN5,SEPTIN5
MYH7B,MYH7B
FBXL13,FBXL13
SLCO4A1,SLCO4A1
MUCL1,MUCL1
FAM209A,FAM209A
CATSPER2,CATSPER2
LINC02356,LINC02356
TSPYL5,TSPYL5
ORC5,ORC5
MIR99AHG,MIR99AHG
B3GALNT1,B3GALNT1
XRCC3,XRCC3
MEGF6,MEGF6
DLC1,DLC1
NBEAL2,NBEAL2
CD3D,CD3D
LINC00304,LINC00304
PLA2G4C,PLA2G4C
COL9A2,COL9A2
SNX20,SNX20
CCR8,CCR8
GZMK,GZMK
IGHV3-15,IGHV3-15
RGCC,RGCC
RAB40B,RAB40B
TMEM204,TMEM204
SLC25A19,SLC25A19
CRISPLD1,CRISPLD1
ACAD10,ACAD10
TK1,TK1
HSPA6,HSPA6
PBK,PBK
LINC01118,LINC01118
ACTB,ACTB
PIAS3,PIAS3
ICA1,ICA1
EPDR1,EPDR1
IGSF6,IGSF6
SIRT5,SIRT5
TRBV15,TRBV15
PLCE1,PLCE1
EXTL3,EXTL3
SLC6A20,SLC6A20
ZNF142,ZNF142
ABLIM2,ABLIM2
IL17RE,IL17RE
SLC4A8,SLC4A8
ESRP2,ESRP2
SCNN1D,SCNN1D
NAT1,NAT1
PNMA2,PNMA2
KLF2,KLF2
MT-CO3,MT-CO3
NNMT,NNMT
SLC25A12,SLC25A12
TRAV5,TRAV5
LINC01629,LINC01629
PDK3,PDK3
PDP2,PDP2
MBD1,MBD1
TRDV1,TRDV1
ARHGAP6,ARHGAP6
KCNIP2,KCNIP2
RHOT2,RHOT2
FGF18,FGF18
SLC25A18,SLC25A18
CFD,CFD
PLB1,PLB1
FAM174B,FAM174B
HEMGN,HEMGN
AZIN2,AZIN2
ZNF404,ZNF404
DOLK,DOLK
MFAP5,MFAP5
SMKR1,SMKR1
CXCL11,CXCL11
DNAH2,DNAH2
NECAB2,NECAB2
RAB11FIP5,RAB11FIP5
TRH,TRH
ZSCAN22,ZSCAN22
LINC01068,LINC01068
SDCBP2,SDCBP2
ACTN1,ACTN1
PDK4,PDK4
MEIS2,MEIS2
FARP2,FARP2
FBXO10,FBXO10
DSCR9,DSCR9
TMEM41A,TMEM41A
METTL25,METTL25
ZNF174,ZNF174
ZNF34,ZNF34
SPSB1,SPSB1
GTSF1,GTSF1
CCDC141,CCDC141
NEURL2,NEURL2
ZP3,ZP3
TCTN2,TCTN2
INSIG1,INSIG1
OASL,OASL
STX1B,STX1B
NID2,NID2
NMU,NMU
CCDC181,CCDC181
LINC00511,LINC00511
TRAV20,TRAV20
MN1,MN1
HBQ1,HBQ1
PFKFB4,PFKFB4
ASAH2,ASAH2
IDO2,IDO2
SOX13,SOX13
IGHM,IGHM
RAMP1,RAMP1
WDR31,WDR31
FASTKD3,FASTKD3
ANGPTL1,ANGPTL1
PACERR,PACERR
ALDH8A1,ALDH8A1
KLHL29,KLHL29
PITPNM3,PITPNM3
KLRF1,KLRF1
IGHV5-10-1,IGHV5-10-1
CRYGS,CRYGS
KHDC1,KHDC1
EFCAB7,EFCAB7
C5AR1,C5AR1
SGPP2,SGPP2
ZSCAN31,ZSCAN31
VAMP1,VAMP1
CCNI2,CCNI2
SHISA2,SHISA2
STAR,STAR
TRAV41,TRAV41
SCARF2,SCARF2
GAS1,GAS1
KLRB1,KLRB1
XPO6,XPO6
HACD1,HACD1
POLR1C,POLR1C
MIA,MIA
CTSD,CTSD
ZNF155,ZNF155
RAB38,RAB38
PNMA1,PNMA1
LYZ,LYZ
EVC,EVC
ZNF835,ZNF835
LCMT2,LCMT2
UCK1,UCK1
MRTFA,MRTFA
WDR17,WDR17
PLIN1,PLIN1
IFT74,IFT74
NXF3,NXF3
PRKG1,PRKG1
IGHV1-58,IGHV1-58
MIR222HG,MIR222HG
ADGRB1,ADGRB1
SPTB,SPTB
DUSP6,DUSP6
LNX1,LNX1
IGHV4-61,IGHV4-61
FBXO27,FBXO27
TMEM132A,TMEM132A
PHOSPHO2,PHOSPHO2
FGL2,FGL2
LINGO2,LINGO2
HMMR,HMMR
PIFO,PIFO
MEG8,MEG8
WDR36,WDR36
ZFAND2A,ZFAND2A
PRH1,PRH1
ADGRF3,ADGRF3
IFRD1,IFRD1
ZBTB3,ZBTB3
SERHL2,SERHL2
LYSMD1,LYSMD1
PLPP7,PLPP7
SLIT3,SLIT3
GPRC5B,GPRC5B
LDLR,LDLR
TM4SF19,TM4SF19
AUH,AUH
TPSB2,TPSB2
FSTL4,FSTL4
MIR9-3HG,MIR9-3HG
TNFRSF10C,TNFRSF10C
PAFAH2,PAFAH2
STXBP1,STXBP1
FLVCR2,FLVCR2
CNKSR3,CNKSR3
BRPF1,BRPF1
KIAA1217,KIAA1217
ANKRD27,ANKRD27
APOL4,APOL4
MARCKSL1,MARCKSL1
TRAV39,TRAV39
ITGA2B,ITGA2B
PKIG,PKIG
SEMA3A,SEMA3A
DRAXIN,DRAXIN
USP44,USP44
HOXA7,HOXA7
AMACR,AMACR
ARHGAP20,ARHGAP20
TENM1,TENM1
CEP76,CEP76
DCAKD,DCAKD
MT1X,MT1X
SOCS1,SOCS1
EMP1,EMP1
MYL9,MYL9
LYG2,LYG2
IFFO1,IFFO1
PTPN13,PTPN13
FILNC1,FILNC1
SCUBE3,SCUBE3
IGKV2D-28,IGKV2D-28
KCNJ13,KCNJ13
SULT1A2,SULT1A2
IL19,IL19
BCAS1,BCAS1
TNNT1,TNNT1
DTL,DTL
MYO1D,MYO1D
ZFP36,ZFP36
NUP205,NUP205
CXXC1,CXXC1
NUDT10,NUDT10
KIF2C,KIF2C
IL6,IL6
CCDC15,CCDC15
ERAL1,ERAL1
MTURN,MTURN
LINC00640,LINC00640
RAP1GAP,RAP1GAP
TRGV2,TRGV2
PCOLCE,PCOLCE
PIR,PIR
DLL1,DLL1
FHDC1,FHDC1
LINC01537,LINC01537
GXYLT2,GXYLT2
DNAH11,DNAH11
DIP2C,DIP2C
MS4A7,MS4A7
SLC52A1,SLC52A1
PNPLA7,PNPLA7
PDE6D,PDE6D
RB1-DT,RB1-DT
HEG1,HEG1
KANSL2,KANSL2
HS3ST1,HS3ST1
LAMA3,LAMA3
HAS3,HAS3
KLHL13,KLHL13
NUSAP1,NUSAP1
C1S,C1S
NRIP3,NRIP3
SLC8B1,SLC8B1
TBC1D8,TBC1D8
MIIP,MIIP
FAM171B,FAM171B
PTPDC1,PTPDC1
NEGR1,NEGR1
PDLIM7,PDLIM7
GSTT2B,GSTT2B
PKD1L3,PKD1L3
ECM2,ECM2
ADAM28,ADAM28
MARCKS,MARCKS
FRMD5,FRMD5
ZNF418,ZNF418
BACE2,BACE2
CYSTM1,CYSTM1
SEMA3B,SEMA3B
MROH8,MROH8
ZDHHC11B,ZDHHC11B
COL6A6,COL6A6
ADGRD1,ADGRD1
GIPR,GIPR
IFT52,IFT52
NUF2,NUF2
LHFPL2,LHFPL2
RFPL2,RFPL2
KNTC1,KNTC1
HYAL1,HYAL1
EFCAB12,EFCAB12
RETREG3,RETREG3
CCDC62,CCDC62
PTGS2,PTGS2
PTPRR,PTPRR
FLOT2,FLOT2
PAPPA,PAPPA
NKPD1,NKPD1
ZNF230,ZNF230
DTHD1,DTHD1
LINC02731,LINC02731
BUB1B,BUB1B
C1QTNF6,C1QTNF6
GPR107,GPR107
SYTL3,SYTL3
THAP8,THAP8
TXNDC5,TXNDC5
GLUL,GLUL
CLEC5A,CLEC5A
IGHV3-64D,IGHV3-64D
COQ10A,COQ10A
LINC01277,LINC01277
HESX1,HESX1
ALDH1A2,ALDH1A2
TSHZ3,TSHZ3
PRSS2,PRSS2
TMTC3,TMTC3
ATP13A3,ATP13A3
CCL3L3,CCL3L3
KIAA1522,KIAA1522
RDH12,RDH12
SLC35C1,SLC35C1
DNAH1,DNAH1
PRG4,PRG4
ZKSCAN5,ZKSCAN5
SKIDA1,SKIDA1
RAB40C,RAB40C
LINC01011,LINC01011
HMOX1,HMOX1
CTTN,CTTN
EFR3B,EFR3B
NPRL2,NPRL2
IGHV3-43,IGHV3-43
SLC1A1,SLC1A1
FBXL2,FBXL2
ARMC2,ARMC2
GHET1,GHET1
WNT10B,WNT10B
M1AP,M1AP
IL2RB,IL2RB
TNNT3,TNNT3
LINC01762,LINC01762
AUNIP,AUNIP
ABHD12B,ABHD12B
ZNF667,ZNF667
GPR61,GPR61
TRIM6,TRIM6
SLC13A4,SLC13A4
F2RL3,F2RL3
TNF,TNF
FBXO40,FBXO40
RTEL1,RTEL1
CENPI,CENPI
FGFBP2,FGFBP2
TULP2,TULP2
MYO16,MYO16
CCL23,CCL23
PEAR1,PEAR1
FBXO24,FBXO24
DAPK2,DAPK2
AP1S2,AP1S2
GRIK1,GRIK1
CADPS,CADPS
LBX2,LBX2
LIN52,LIN52
CNTN2,CNTN2
NIPSNAP3B,NIPSNAP3B
IGHMBP2,IGHMBP2
ZC3H10,ZC3H10
SELENBP1,SELENBP1
ZNF132,ZNF132
CSRNP1,CSRNP1
ZNF469,ZNF469
IGHV1-18,IGHV1-18
GALR2,GALR2
TMEM237,TMEM237
ACKR3,ACKR3
TRAV17,TRAV17
PAK3,PAK3
TMEM37,TMEM37
CNNM3-DT,CNNM3-DT
HOXA1,HOXA1
B4GALT6,B4GALT6
ST6GALNAC2,ST6GALNAC2
IL20RB,IL20RB
ZNF280C,ZNF280C
IGLON5,IGLON5
KRT5,KRT5
TAF1C,TAF1C
YJEFN3,YJEFN3
IL12RB2,IL12RB2
MINDY4,MINDY4
MYRF,MYRF
PPIL6,PPIL6
P4HA3,P4HA3
SUSD2,SUSD2
IGLL5,IGLL5
LINC01948,LINC01948
NR2C1,NR2C1
SLC29A2,SLC29A2
PARD6B,PARD6B
DTNB,DTNB
TRBV6-2,TRBV6-2
FGF22,FGF22
LINC01535,LINC01535
OXGR1,OXGR1
ADAMTS10,ADAMTS10
EBI3,EBI3
IFI6,IFI6
SUSD5,SUSD5
DCLRE1B,DCLRE1B
HRH2,HRH2
PIGR,PIGR
LHFPL5,LHFPL5
CEP131,CEP131
HMG20A,HMG20A
FHOD1,FHOD1
CCDC194,CCDC194
KHDRBS3,KHDRBS3
CCDC68,CCDC68
WDR90,WDR90
LINC02273,LINC02273
PCDH12,PCDH12
TMED2-DT,TMED2-DT
CD79B,CD79B
PABPC1L,PABPC1L
GAS6,GAS6
SMG8,SMG8
PNP,PNP
LINC01814,LINC01814
SERPINB9P1,SERPINB9P1
JUND,JUND
RNF32,RNF32
TRBC1,TRBC1
GNRH1,GNRH1
IGKC,IGKC
OSR2,OSR2
DENND2C,DENND2C
ZNF154,ZNF154
SLC38A2,SLC38A2
IGKV1D-8,IGKV1D-8
LINC01144,LINC01144
IL1R2,IL1R2
GPR37L1,GPR37L1
CHP1,CHP1
TSEN2,TSEN2
TRAV13-2,TRAV13-2
UBASH3A,UBASH3A
DCAF4L1,DCAF4L1
NFE2L3,NFE2L3
MAFTRR,MAFTRR
REG4,REG4
CNKSR1,CNKSR1
MTX2,MTX2
FAM83G,FAM83G
ATP2A3,ATP2A3
CCL5,CCL5
FAM83D,FAM83D
NR2F2,NR2F2
LINC02446,LINC02446
PHACTR1,PHACTR1
TMEM200A,TMEM200A
INSM1,INSM1
RELL1,RELL1
SIGLEC9,SIGLEC9
FAM149B1,FAM149B1
CYYR1,CYYR1
CFAP161,CFAP161
HIF1A-AS3,HIF1A-AS3
ELFN1-AS1,ELFN1-AS1
CD109,CD109
ZNF749,ZNF749
DES,DES
PDE1B,PDE1B
ZNF449,ZNF449
EGR1,EGR1
LURAP1,LURAP1
FERMT2,FERMT2
PTPN22,PTPN22
LINC01291,LINC01291
ZNF596,ZNF596
TMEM135,TMEM135
LDB3,LDB3
COL10A1,COL10A1
TRBV11-2,TRBV11-2
RALGAPA2,RALGAPA2
GNG8,GNG8
NPC2,NPC2
EXPH5,EXPH5
IPO13,IPO13
SLC10A1,SLC10A1
MMD,MMD
UCKL1,UCKL1
AP4B1,AP4B1
KREMEN1,KREMEN1
SLC43A1,SLC43A1
TRGV9,TRGV9
LOX,LOX
SLC2A10,SLC2A10
FST,FST
POU6F1,POU6F1
DNM3,DNM3
COL17A1,COL17A1
DNASE1L3,DNASE1L3
HSD17B7,HSD17B7
LCN10,LCN10
PCDHGA10,PCDHGA10
TADA1,TADA1
IGHV4-39,IGHV4-39
IL17C,IL17C
ZNF117,ZNF117
HIGD1B,HIGD1B
IGSF9B,IGSF9B
SPDYA,SPDYA
CD34,CD34
POLN,POLN
FITM2,FITM2
DUOX1,DUOX1
RABGAP1L-DT,RABGAP1L-DT
RBMS3,RBMS3
HSP90AA1,HSP90AA1
WNT4,WNT4
FBXL18,FBXL18
IL17RC,IL17RC
COL23A1,COL23A1
ZCCHC14,ZCCHC14
FKBP4,FKBP4
NLRP12,NLRP12
LINC02288,LINC02288
NT5DC2,NT5DC2
FCER1G,FCER1G
MATN4,MATN4
SRGAP1,SRGAP1
KCNK5,KCNK5
FRMD4B,FRMD4B
MRC1,MRC1
ALDH1L2,ALDH1L2
IL17D,IL17D
GPR34,GPR34
CERS3,CERS3
LINC00664,LINC00664
HECW2,HECW2
LINC01163,LINC01163
ERRFI1,ERRFI1
IFT122,IFT122
DPYS,DPYS
BEAN1,BEAN1
RASEF,RASEF
CD55,CD55
PLN,PLN
UNG,UNG
LRP12,LRP12
ZBTB32,ZBTB32
SLC6A12,SLC6A12
MERTK,MERTK
NOS1AP,NOS1AP
IL4,IL4
EFNB2,EFNB2
NFE2,NFE2
ADCK5,ADCK5
ATOH8,ATOH8
SGK1,SGK1
RANBP17,RANBP17
TMEM241,TMEM241
SLC7A5,SLC7A5
LINC01480,LINC01480
WDR62,WDR62
CDC37L1-DT,CDC37L1-DT
POPDC2,POPDC2
BRDT,BRDT
S100A6,S100A6
CNTROB,CNTROB
SGSM2,SGSM2
E2F7,E2F7
SZT2,SZT2
IGF1,IGF1
GSTA4,GSTA4
REEP6,REEP6
HLF,HLF
HOXB3,HOXB3
CDKN1A,CDKN1A
EHD3,EHD3
CHST15,CHST15
IL2,IL2
SLC2A3,SLC2A3
GPR55,GPR55
GOLM1,GOLM1
OGN,OGN
RNF24,RNF24
FAM110B,FAM110B
PLPP3,PLPP3
DBNDD1,DBNDD1
NEFL,NEFL
DUSP10,DUSP10
PKP4,PKP4
VMO1,VMO1
IL32,IL32
TNFRSF12A,TNFRSF12A
CRIP1,CRIP1
PLVAP,PLVAP
IRF4,IRF4
NRXN2,NRXN2
TBC1D24,TBC1D24
NME2,NME2
B3GNT9,B3GNT9
ZNF792,ZNF792
NCAPG,NCAPG
TRPM2,TRPM2
MAMSTR,MAMSTR
MEGF11,MEGF11
CTSV,CTSV
IGHG1,IGHG1
ETS2,ETS2
CETN2,CETN2
PLAAT5,PLAAT5
FKBP9,FKBP9
FHAD1,FHAD1
MPP7-DT,MPP7-DT
HTR7,HTR7
CPNE8,CPNE8
ZACN,ZACN
ZFP36L1,ZFP36L1
GPR12,GPR12
AXL,AXL
CSMD2,CSMD2
ECM1,ECM1
SGCA,SGCA
MAMDC4,MAMDC4
TBC1D22B,TBC1D22B
HLA-DQA2,HLA-DQA2
ARHGAP39,ARHGAP39
ASPH,ASPH
LANCL2,LANCL2
BRD3OS,BRD3OS
ANKRD34A,ANKRD34A
NQO1,NQO1
LINC02084,LINC02084
ZNF665,ZNF665
IL5RA,IL5RA
LINC02145,LINC02145
LINC02777,LINC02777
RARG,RARG
PALM,PALM
LGALS2,LGALS2
CEP295NL,CEP295NL
ECT2L,ECT2L
MIR378D2HG,MIR378D2HG
GRM3,GRM3
DAAM2,DAAM2
FREM3,FREM3
CST6,CST6
FAAP24,FAAP24
PERP,PERP
HOPX,HOPX
ALOX12,ALOX12
GZMA,GZMA
LTC4S,LTC4S
SYCE2,SYCE2
LINC01132,LINC01132
BNC2,BNC2
AMIGO1,AMIGO1
WDR27,WDR27
AP5B1,AP5B1
INKA2,INKA2
TRGC2,TRGC2
ETV5,ETV5
TM7SF2,TM7SF2
PLEKHG5,PLEKHG5
MOGAT1,MOGAT1
ENTPD7,ENTPD7
CCDC171,CCDC171
PCCB,PCCB
CCNJL,CCNJL
LINC02846,LINC02846
OMG,OMG
IER3,IER3
SLC4A11,SLC4A11
IGHV1-24,IGHV1-24
TMEM98,TMEM98
UPB1,UPB1
ANKRD28,ANKRD28
RBP5,RBP5
ZNF343,ZNF343
DHRS9,DHRS9
VCAN,VCAN
TRPM5,TRPM5
IMPDH1,IMPDH1
HEY1,HEY1
ENAH,ENAH
TOP2A,TOP2A
GRIP2,GRIP2
GDA,GDA
CORO2B,CORO2B
SORL1,SORL1
ST18,ST18
RYR2,RYR2
ANKLE1,ANKLE1
UNC5B,UNC5B
MT-CO2,MT-CO2
GSDMA,GSDMA
DNAJC18,DNAJC18
SORBS1,SORBS1
PAGE2B,PAGE2B
HOXA5,HOXA5
IRAK3,IRAK3
HNRNPLL,HNRNPLL
FOXP3,FOXP3
C5AR2,C5AR2
RAI14,RAI14
EHHADH,EHHADH
PEG10,PEG10
AARD,AARD
IMPG2,IMPG2
TTC9B,TTC9B
TTLL5,TTLL5
PEAK1,PEAK1
DCBLD2,DCBLD2
CDH3,CDH3
PDZK1,PDZK1
NKIRAS1,NKIRAS1
GGT7,GGT7
ZNF440,ZNF440
SLC4A5,SLC4A5
CCL3,CCL3
TNFRSF13C,TNFRSF13C
LINC00469,LINC00469
SLC44A3,SLC44A3
OLFML1,OLFML1
PHLDB3,PHLDB3
KLRK1,KLRK1
SNURF,SNURF
VWCE,VWCE
CC2D2B,CC2D2B
EIF5A2,EIF5A2
CEMIP2,CEMIP2
IGHG3,IGHG3
ZNF789,ZNF789
ST14,ST14
MAP3K15,MAP3K15
OCM,OCM
FANCG,FANCG
PNMA3,PNMA3
CASP6,CASP6
CD2BP2-DT,CD2BP2-DT
TVP23A,TVP23A
TRAV12-1,TRAV12-1
PRELP,PRELP
TMEM62,TMEM62
CXCL10,CXCL10
CHEK2,CHEK2
NDC80,NDC80
LMLN,LMLN
PLIN5,PLIN5
PTPRE,PTPRE
STPG2,STPG2
FAM221A,FAM221A
SDK2,SDK2
ZNF354A,ZNF354A
TSPAN2,TSPAN2
IGLV2-23,IGLV2-23
LINC02631,LINC02631
PHLDB2,PHLDB2
TVP23B,TVP23B
SH2D6,SH2D6
DOP1B,DOP1B
PKIA-AS1,PKIA-AS1
IGHG4,IGHG4
TSHR,TSHR
LRRN1,LRRN1
LEAP2,LEAP2
BCAN,BCAN
CERKL,CERKL
RNLS,RNLS
SLC48A1,SLC48A1
SIGLEC6,SIGLEC6
CHMP4C,CHMP4C
TFPI,TFPI
KIAA0825,KIAA0825
RASGEF1B,RASGEF1B
LINC00544,LINC00544
TRIP6,TRIP6
ZNF30,ZNF30
KLB,KLB
MCTP1,MCTP1
KLHL41,KLHL41
PIGQ,PIGQ
IGKV3-20,IGKV3-20
ANKRD34B,ANKRD34B
MTUS1,MTUS1
PLXNB1,PLXNB1
PLEKHN1,PLEKHN1
RBM11,RBM11
ZNF841,ZNF841
SNX33,SNX33
KANK1,KANK1
CCN2,CCN2
ADA,ADA
JUNB,JUNB
TRBV14,TRBV14
FAM222A,FAM222A
IATPR,IATPR
LEP,LEP
ANKRD23,ANKRD23
STIL,STIL
ESR1,ESR1
ZNF879,ZNF879
RHOB,RHOB
PBX1,PBX1
TMEM52,TMEM52
DNAH6,DNAH6
COTL1,COTL1
TRAV24,TRAV24
ERP27,ERP27
SLC23A1,SLC23A1
ATG9B,ATG9B
NIPAL1,NIPAL1
SLC47A1,SLC47A1
LSMEM2,LSMEM2
KCNK13,KCNK13
JAM2,JAM2
SHQ1,SHQ1
ATG16L2,ATG16L2
CNTD1,CNTD1
ZG16B,ZG16B
METTL7B,METTL7B
MS4A1,MS4A1
CD14,CD14
DACH1,DACH1
TFB1M,TFB1M
NABP1,NABP1
NTNG2,NTNG2
MT1G,MT1G
LRRC1,LRRC1
CTPS2,CTPS2
ANKDD1A,ANKDD1A
LINC01560,LINC01560
VPS16,VPS16
MFAP4,MFAP4
RFX8,RFX8
POMT2,POMT2
LRRC49,LRRC49
DCLK2,DCLK2
SH2D4A,SH2D4A
DPH1,DPH1
LINC02471,LINC02471
FMNL2,FMNL2
LINC02265,LINC02265
CSF3R,CSF3R
TMPRSS3,TMPRSS3
CD79A,CD79A
UPRT,UPRT
OSCP1,OSCP1
KDELR3,KDELR3
IL1A,IL1A
PPOX,PPOX
SOAT2,SOAT2
WWOX,WWOX
MCC,MCC
PACRGL,PACRGL
POMT1,POMT1
PACRG,PACRG
PLCXD2,PLCXD2
ADGRV1,ADGRV1
EIF4A3,EIF4A3
BAIAP2L2,BAIAP2L2
SLIT1,SLIT1
HMCN2,HMCN2
CCDC142,CCDC142
CPVL,CPVL
FOLR2,FOLR2
CACNA1F,CACNA1F
LINC02763,LINC02763
TBX19,TBX19
TRAV8-2,TRAV8-2
RAB44,RAB44
APOBEC3F,APOBEC3F
ALKBH8,ALKBH8
ZNF552,ZNF552
SLC4A3,SLC4A3
LINC00910,LINC00910
ZNF235,ZNF235
SPATA25,SPATA25
IVNS1ABP,IVNS1ABP
B3GNT4,B3GNT4
ALDOC,ALDOC
AICDA,AICDA
ROBO1,ROBO1
C1QTNF1,C1QTNF1
INTU,INTU
TRBV20-1,TRBV20-1
FCGR3A,FCGR3A
HDHD3,HDHD3
CLIC5,CLIC5
CFAP45,CFAP45
CCL18,CCL18
ZCCHC18,ZCCHC18
LAIR2,LAIR2
ZNF543,ZNF543
LINC01572,LINC01572
CD2,CD2
USP9Y,USP9Y
ANKRD62,ANKRD62
SLC25A17,SLC25A17
TEAD3,TEAD3
POMZP3,POMZP3
FNDC5,FNDC5
DGKI,DGKI
AIF1,AIF1
EDNRB,EDNRB
ROBO4,ROBO4
SLC9A5,SLC9A5
BVES,BVES
LINC02828,LINC02828
SETD9,SETD9
LINC02542,LINC02542
ARFGEF3,ARFGEF3
TCP11L1,TCP11L1
TTLL7,TTLL7
MPDZ,MPDZ
MYO18B,MYO18B
MVD,MVD
IGKV2D-29,IGKV2D-29
KCNH8,KCNH8
LARGE1,LARGE1
PNMT,PNMT
EGR3,EGR3
NLRC5,NLRC5
DEFB1,DEFB1
MYO15B,MYO15B
SAMD10,SAMD10
TRBV6-6,TRBV6-6
TGFB3,TGFB3
EVA1C,EVA1C
CERNA1,CERNA1
NKX3-1,NKX3-1
GPRASP2,GPRASP2
MYOM1,MYOM1
HPD,HPD
IQGAP3,IQGAP3
RAD54L,RAD54L
KRBA1,KRBA1
HBG2,HBG2
HGH1,HGH1
FMO5,FMO5
PGD,PGD
CCSER1,CCSER1
PIGB,PIGB
NAMPT,NAMPT
CLIC6,CLIC6
PTGER4,PTGER4
DUSP1,DUSP1
SIRT4,SIRT4
NBEA,NBEA
KCNC4,KCNC4
COLEC12,COLEC12
PLEKHH1,PLEKHH1
BANK1,BANK1
UTP4,UTP4
SPATA9,SPATA9
LINC00630,LINC00630
FCSK,FCSK
TRBV13,TRBV13
DNAH12,DNAH12
FOLR3,FOLR3
TAF1A,TAF1A
EMP2,EMP2
HLA-DRB5,HLA-DRB5
CHSY1,CHSY1
TPX2,TPX2
IPO11,IPO11
TRIP10,TRIP10
KLHL25,KLHL25
LDHAL6A,LDHAL6A
IL1RN,IL1RN
FAHD2B,FAHD2B
FSCN3,FSCN3
EMID1,EMID1
ZNF670,ZNF670
FKRP,FKRP
ATP6AP1L,ATP6AP1L
HSD3B7,HSD3B7
EFNA4,EFNA4
DIPK1B,DIPK1B
ALG1L2,ALG1L2
FBLN2,FBLN2
FCGBP,FCGBP
TAL2,TAL2
XBP1,XBP1
LY6G6F,LY6G6F
FAM178B,FAM178B
TNNC2,TNNC2
SPAG5,SPAG5
STX4,STX4
COL9A1,COL9A1
ACSM5,ACSM5
IGSF9,IGSF9
SPTBN4,SPTBN4
ZNF433,ZNF433
GTF2E1,GTF2E1
C1QC,C1QC
NEXN,NEXN
DARS2,DARS2
NKD1,NKD1
TMOD1,TMOD1
ITGA9,ITGA9
PPP1R14A,PPP1R14A
KIT,KIT
TRGV5,TRGV5
ZNF565,ZNF565
SVOPL,SVOPL
PGA5,PGA5
TFAP2E,TFAP2E
KIR2DL4,KIR2DL4
S100B,S100B
GRB10,GRB10
SPTBN5,SPTBN5
CLEC12A-AS1,CLEC12A-AS1
ARL9,ARL9
ALKBH3,ALKBH3
COL4A3,COL4A3
MGAM,MGAM
NDEL1,NDEL1
MET,MET
DTNA,DTNA
PXYLP1,PXYLP1
SCGB3A2,SCGB3A2
EVA1A,EVA1A
ADCY6,ADCY6
GPR19,GPR19
PAIP2B,PAIP2B
SEC22A,SEC22A
KCTD1,KCTD1
CADM2,CADM2
POMGNT2,POMGNT2
ATP8A2,ATP8A2
CCM2L,CCM2L
APOBEC3H,APOBEC3H
NT5DC3,NT5DC3
PPP2R3A,PPP2R3A
CD160,CD160
REXO5,REXO5
TIMP3,TIMP3
IFIT1B,IFIT1B
TRDV2,TRDV2
ROR2,ROR2
MAG,MAG
PDE5A,PDE5A
TEX12,TEX12
TUBA1A,TUBA1A
B3GNT8,B3GNT8
DOCK6,DOCK6
KANK2,KANK2
AMPD2,AMPD2
SHLD3,SHLD3
CRADD,CRADD
IL18R1,IL18R1
IGKV3-15,IGKV3-15
SPDYE5,SPDYE5
LILRB5,LILRB5
MPP2,MPP2
TMSB15A,TMSB15A
IGLV5-45,IGLV5-45
CHI3L2,CHI3L2
TRGV4,TRGV4
TMEM94,TMEM94
SHANK2,SHANK2
DDIT4L,DDIT4L
AMY2B,AMY2B
BBS10,BBS10
ATP2B1-AS1,ATP2B1-AS1
UCP3,UCP3
TCL1B,TCL1B
TTC30A,TTC30A
SLC17A3,SLC17A3
ARC,ARC
S100A4,S100A4
DZANK1,DZANK1
MAP2K3,MAP2K3
GGT5,GGT5
IGLL1,IGLL1
ALKBH1,ALKBH1
SPDYE1,SPDYE1
GK,GK
KCTD14,KCTD14
SLC10A7,SLC10A7
LINC01023,LINC01023
CSAD,CSAD
LRRC36,LRRC36
RPH3A,RPH3A
MEX3B,MEX3B
SCRN3,SCRN3
CREM,CREM
FTSJ3,FTSJ3
TSPYL4,TSPYL4
BTBD8,BTBD8
NRGN,NRGN
RASL11B,RASL11B
STEAP4,STEAP4
IGHV3-53,IGHV3-53
MMP2-AS1,MMP2-AS1
MSC,MSC
RC3H1,RC3H1
PCDH9,PCDH9
ZFP69,ZFP69
LINC02804,LINC02804
POLQ,POLQ
HECTD2,HECTD2
ADGRG6,ADGRG6
JADE3,JADE3
HJURP,HJURP
ITGAD,ITGAD
ZNF200,ZNF200
CSF1,CSF1
DMXL2,DMXL2
B3GLCT,B3GLCT
CYP4B1,CYP4B1
EPOR,EPOR
ANKS1B,ANKS1B
IGKV1D-13,IGKV1D-13
CDHR1,CDHR1
FLT4,FLT4
EFCAB10,EFCAB10
CCL20,CCL20
IGHV4-31,IGHV4-31
FAM166B,FAM166B
COL4A2,COL4A2
SLC6A13,SLC6A13
FUT10,FUT10
SIRT3,SIRT3
CD247,CD247
ADAT3,ADAT3
CNR1,CNR1
NAGS,NAGS
PLK2,PLK2
SEMA3D,SEMA3D
TRIM32,TRIM32
SMCR2,SMCR2
EVC2,EVC2
PRSS8,PRSS8
LILRA4,LILRA4
NPPC,NPPC
ALPL,ALPL
SLC6A8,SLC6A8
ZFYVE1,ZFYVE1
TCHH,TCHH
MT-CO1,MT-CO1
EFNA1,EFNA1
MFSD2B,MFSD2B
FCGRT,FCGRT
CELSR2,CELSR2
GJC1,GJC1
RTL8B,RTL8B
IGFBP2,IGFBP2
PACC1,PACC1
LAMB1,LAMB1
TNS1,TNS1
JMJD7-PLA2G4B,JMJD7-PLA2G4B
KANTR,KANTR
LIMCH1,LIMCH1
RHOBTB3,RHOBTB3
LRRK2,LRRK2
SLC29A1,SLC29A1
MEG3,MEG3
MYL4,MYL4
KCP,KCP
PCBP3,PCBP3
IL2RA,IL2RA
STAP2,STAP2
LINC02705,LINC02705
WEE1,WEE1
DYNC1I1,DYNC1I1
RBM4B,RBM4B
RIPOR3,RIPOR3
ARNT2,ARNT2
GNAZ,GNAZ
FHL2,FHL2
TUBA8,TUBA8
ARL4C,ARL4C
TCF7,TCF7
HSPA1B,HSPA1B
LRRC2,LRRC2
LINC02029,LINC02029
AGAP1,AGAP1
SLC16A13,SLC16A13
SLFN11,SLFN11
MYO10,MYO10
PRSS57,PRSS57
CPNE7,CPNE7
ADPRHL1,ADPRHL1
VWA5A,VWA5A
NDC1,NDC1
LIM2,LIM2
PDGFA,PDGFA
ALDOA,ALDOA
GPAT4,GPAT4
IGKV3-11,IGKV3-11
MMP21,MMP21
CFAP58,CFAP58
ARPP21,ARPP21
VEPH1,VEPH1
SULT2B1,SULT2B1
ESPN,ESPN
ZWILCH,ZWILCH
PMAIP1,PMAIP1
IGKV1-16,IGKV1-16
IGHE,IGHE
ANLN,ANLN
PRDM8,PRDM8
ARRDC5,ARRDC5
LDB2,LDB2
AGAP4,AGAP4
L2HGDH,L2HGDH
TCEANC,TCEANC
KLF5,KLF5
PAN2,PAN2
SLC9B2,SLC9B2
ATG2A,ATG2A
TRAV8-6,TRAV8-6
IL1R1,IL1R1
ZNF595,ZNF595
FLACC1,FLACC1
ZNF366,ZNF366
IL18RAP,IL18RAP
TMEM229B,TMEM229B
CDH5,CDH5
RASL10A,RASL10A
CDH13,CDH13
DOK6,DOK6
CDA,CDA
TTTY14,TTTY14
SNAI1,SNAI1
SOX4,SOX4
DLEC1,DLEC1
MPP3,MPP3
TIGIT,TIGIT
IGHV4-59,IGHV4-59
NAALADL2,NAALADL2
FILIP1L,FILIP1L
TRMT12,TRMT12
CENPL,CENPL
MMS22L,MMS22L
MICALL2,MICALL2
RUSC2,RUSC2
AURKB,AURKB
RGL3,RGL3
TGFB2,TGFB2
TRAV26-1,TRAV26-1
CAMKK1,CAMKK1
XCL2,XCL2
KCNJ10,KCNJ10
HMGN4,HMGN4
C2CD6,C2CD6
DNAAF1,DNAAF1
KIF24,KIF24
ZNF236,ZNF236
LPIN3,LPIN3
TRIB1,TRIB1
PEX11G,PEX11G
PLEK,PLEK
SLIT2,SLIT2
RET,RET
METTL24,METTL24
SPTBN2,SPTBN2
SLC22A23,SLC22A23
TCF4,TCF4
STOM,STOM
ADM,ADM
LMAN2L,LMAN2L
AKAP3,AKAP3
NCS1,NCS1
TOR1B,TOR1B
RASIP1,RASIP1
TLR6,TLR6
HSPB9,HSPB9
PRKG2,PRKG2
METTL18,METTL18
TMEM150C,TMEM150C
PGRMC1,PGRMC1
SLC15A4,SLC15A4
BICC1,BICC1
ZFP3,ZFP3
PDE1C,PDE1C
SCARA5,SCARA5
AK4,AK4
CXADR,CXADR
MORC1,MORC1
FBLN5,FBLN5
AP3B2,AP3B2
MAP3K7CL,MAP3K7CL
RDH10,RDH10
MYO1E,MYO1E
LIME1,LIME1
FGFRL1,FGFRL1
ALG9,ALG9
TSPAN15,TSPAN15
S100A9,S100A9
SYT2,SYT2
NGFR,NGFR
PFN2,PFN2
SH3D21,SH3D21
CRABP2,CRABP2
TPRG1,TPRG1
MTSS1,MTSS1
CD36,CD36
SAA1,SAA1
TNFRSF9,TNFRSF9
SMG9,SMG9
SOCS2,SOCS2
RGS6,RGS6
ANKRD55,ANKRD55
TMEM67,TMEM67
IGKV4-1,IGKV4-1
EYS,EYS
MME,MME
INPP5E,INPP5E
DSCC1,DSCC1
SUV39H1,SUV39H1
LIMS1,LIMS1
CHRNA5,CHRNA5
TMEM44,TMEM44
GRTP1,GRTP1
SLC20A2,SLC20A2
ZNF799,ZNF799
NTRK1,NTRK1
ARMCX2,ARMCX2
DKK3,DKK3
ADGRG5,ADGRG5
PIWIL4,PIWIL4
CDHR3,CDHR3
MIR3945HG,MIR3945HG
SLC1A2,SLC1A2
SYCP3,SYCP3
KIFC3,KIFC3
GDF7,GDF7
GRID2IP,GRID2IP
ZNF786,ZNF786
RAB3C,RAB3C
MSR1,MSR1
P2RY6,P2RY6
URB2,URB2
BMP6,BMP6
CLEC10A,CLEC10A
TPCN2,TPCN2
CACNA1A,CACNA1A
METTL14-DT,METTL14-DT
PROM1,PROM1
PRELID3A,PRELID3A
UBA7,UBA7
HSPA8,HSPA8
BEND6,BEND6
GPR84,GPR84
CSPG5,CSPG5
KCTD2,KCTD2
HIPK4,HIPK4
NEK8,NEK8
NAB2,NAB2
TSSK3,TSSK3
ZFP30,ZFP30
FDXR,FDXR
HMGCR,HMGCR
KRBOX4,KRBOX4
LAYN,LAYN
KCTD15,KCTD15
GPR153,GPR153
IGHV3-30,IGHV3-30
SLC25A15,SLC25A15
OR52N4,OR52N4
TUBB4A,TUBB4A
BLVRB,BLVRB
RNASE1,RNASE1
MORN1,MORN1
FAM186B,FAM186B
NIBAN3,NIBAN3
PLEKHA5,PLEKHA5
LINC02381,LINC02381
ZNF850,ZNF850
RGL4,RGL4
GALM,GALM
PTGS1,PTGS1
CDKL1,CDKL1
UBAP1L,UBAP1L
VSTM4,VSTM4
KLHL35,KLHL35
TLE1,TLE1
AMPD3,AMPD3
ZNF471,ZNF471
TMEM25,TMEM25
LAMB2,LAMB2
LINC01366,LINC01366
HAMP,HAMP
RCN3,RCN3
DNER,DNER
MOCS1,MOCS1
ZNF79,ZNF79
ADRB2,ADRB2
SKA3,SKA3
SETD6,SETD6
MMP2,MMP2
MAOA,MAOA
MANEAL,MANEAL
MADCAM1,MADCAM1
ZNF540,ZNF540
GAREM1,GAREM1
NOL6,NOL6
TNNI3,TNNI3
CD300E,CD300E
DAPL1,DAPL1
TRAV27,TRAV27
FAM193B,FAM193B
MAFB,MAFB
LINC00654,LINC00654
SH3TC2,SH3TC2
IGSF3,IGSF3
CD274,CD274
GPER1,GPER1
GLTPD2,GLTPD2
KLHDC9,KLHDC9
GPR176-DT,GPR176-DT
LINC00996,LINC00996
KLF8,KLF8
RINT1,RINT1
PF4V1,PF4V1
CYP2D6,CYP2D6
GPRC5C,GPRC5C
METAP1D,METAP1D
CPAMD8,CPAMD8
NOS3,NOS3
TMEM217,TMEM217
CXCL1,CXCL1
TAGLN,TAGLN
ADAMTS1,ADAMTS1
TBC1D23,TBC1D23
CHI3L1,CHI3L1
ZNF45,ZNF45
WDR35,WDR35
TMPRSS5,TMPRSS5
HSPA12A,HSPA12A
FAM153A,FAM153A
ZBTB17,ZBTB17
MT-ATP6,MT-ATP6
KCNMB4,KCNMB4
CLU,CLU
TMED6,TMED6
USP54,USP54
GPA33,GPA33
VWF,VWF
SLC30A4,SLC30A4
WDR59,WDR59
MYO5B,MYO5B
NCKAP5,NCKAP5
SAMD13,SAMD13
ENTHD1,ENTHD1
SLFN14,SLFN14
OCRL,OCRL
ITGAV,ITGAV
PLEKHH2,PLEKHH2
IGLC2,IGLC2
GYPB,GYPB
LINC01122,LINC01122
CACNB3,CACNB3
ZNF568,ZNF568
TUFT1,TUFT1
CACNB1,CACNB1
GLIPR1L1,GLIPR1L1
GRB14,GRB14
MON1A,MON1A
DPY19L2,DPY19L2
PMCH,PMCH
LINC01353,LINC01353
TMEM201,TMEM201
CREB3L1,CREB3L1
GPC4,GPC4
TRBV7-3,TRBV7-3
PLCD1,PLCD1
WDR93,WDR93
TRAV8-4,TRAV8-4
LINC00299,LINC00299
TSPAN10,TSPAN10
MAFF,MAFF
CXCR6,CXCR6
LINC00638,LINC00638
AXDND1,AXDND1
ZNF547,ZNF547
HLCS,HLCS
SYT12,SYT12
ZNF416,ZNF416
RACGAP1,RACGAP1
IRS2,IRS2
MYH10,MYH10
EGR2,EGR2
PRKN,PRKN
DDX43,DDX43
ALDH2,ALDH2
APBB3,APBB3
SAT1,SAT1
SFXN2,SFXN2
ART4,ART4
VLDLR,VLDLR
TREM2,TREM2
TRBV6-5,TRBV6-5
CDC42BPA,CDC42BPA
LDAH,LDAH
KATNAL2,KATNAL2
PADI4,PADI4
ZSCAN23,ZSCAN23
MEST,MEST
P3H3,P3H3
LIN37,LIN37
MAP7D2,MAP7D2
ZNF18,ZNF18
FCGR2A,FCGR2A
TSPYL2,TSPYL2
RWDD2A,RWDD2A
MARCO,MARCO
ZNF219,ZNF219
DTX1,DTX1
STOML1,STOML1
FRY,FRY
EGFL7,EGFL7
CHTF18,CHTF18
ASB14,ASB14
IGLC7,IGLC7
RECQL4,RECQL4
CD63,CD63
GORASP1,GORASP1
ANKRD10,ANKRD10
LINC01252,LINC01252
TRAV12-2,TRAV12-2
CIT,CIT
DHCR7,DHCR7
CEACAM1,CEACAM1
SIX4,SIX4
SGCD,SGCD
SPATA32,SPATA32
FLRT2,FLRT2
ULBP1,ULBP1
PRUNE2,PRUNE2
CCR3,CCR3
LINC01765,LINC01765
RAI2,RAI2
CDC20,CDC20
SLC2A5,SLC2A5
SCN3A,SCN3A
LETM2,LETM2
NTRK3,NTRK3
TCN2,TCN2
ACVR2A,ACVR2A
VILL,VILL
SLC35G2,SLC35G2
CUX2,CUX2
MS4A14,MS4A14
RNASE3,RNASE3
CHRNA10,CHRNA10
ULK1,ULK1
CCDC169,CCDC169
ANGPTL4,ANGPTL4
CXCR4,CXCR4
DEPDC1B,DEPDC1B
CHN1,CHN1
RAB7B,RAB7B
BAIAP3,BAIAP3
PGBD1,PGBD1
CST3,CST3
LIPT1,LIPT1
UNC5CL,UNC5CL
HES1,HES1
KIAA0408,KIAA0408
FAM161A,FAM161A
LTBP2,LTBP2
DCST2,DCST2
HSD17B8,HSD17B8
LINC02739,LINC02739
TMEM79,TMEM79
LPAR3,LPAR3
STXBP6,STXBP6
SLC22A16,SLC22A16
MARK1,MARK1
ZNF473,ZNF473
GSDME,GSDME
LINC00545,LINC00545
IQCN,IQCN
EPM2A,EPM2A
KCNMA1,KCNMA1
DZIP1L,DZIP1L
CDYL2,CDYL2
OMD,OMD
TLDC2,TLDC2
PHKA2,PHKA2
KDF1,KDF1
LINC01871,LINC01871
SUOX,SUOX
LINC01315,LINC01315
ENO2,ENO2
SLC2A8,SLC2A8
DOCK4,DOCK4
TRBV25-1,TRBV25-1
TBC1D19,TBC1D19
CFAP46,CFAP46
TUBE1,TUBE1
SRSF12,SRSF12
SLC4A4,SLC4A4
TRAV29DV5,TRAV29DV5
EFHD1,EFHD1
UTP15,UTP15
IGKV2-24,IGKV2-24
FYCO1,FYCO1
LINC02798,LINC02798
CCN3,CCN3
HSF2BP,HSF2BP
ITGA11,ITGA11
ITGB1BP2,ITGB1BP2
QPCTL,QPCTL
KCNA2,KCNA2
MSANTD1,MSANTD1
HOMER3,HOMER3
NUDT6,NUDT6
NFKBIA,NFKBIA
ZNF362,ZNF362
CCDC81,CCDC81
SPACA9,SPACA9
TMPRSS9,TMPRSS9
BCORL1,BCORL1
SERPINI2,SERPINI2
TEF,TEF
PM20D1,PM20D1
LHFPL4,LHFPL4
PLIN4,PLIN4
CMYA5,CMYA5
CCR4,CCR4
GPR75,GPR75
MCMDC2,MCMDC2
NT5M,NT5M
CD7,CD7
USP40,USP40
TLCD1,TLCD1
MBOAT4,MBOAT4
TRIM35,TRIM35
APC2,APC2
DSC2,DSC2
KLHL17,KLHL17
TRBV30,TRBV30
SLC10A4,SLC10A4
ACACB,ACACB
EFCAB5,EFCAB5
PKN3,PKN3
ZNF584,ZNF584
DDX59-AS1,DDX59-AS1
NR4A1,NR4A1
CCDC157,CCDC157
ITGB3,ITGB3
SEC14L2,SEC14L2
WLS,WLS
ATAD2B,ATAD2B
PTPRG,PTPRG
SUN3,SUN3
KLRC3,KLRC3
NEDD4L,NEDD4L
GZMH,GZMH
ZNF14,ZNF14
KRT18,KRT18
REPS2,REPS2
OTUD3,OTUD3
ZSWIM3,ZSWIM3
EGLN3,EGLN3
PRX,PRX
LINC02340,LINC02340
MELK,MELK
ZNF346,ZNF346
CD44,CD44
TRGV10,TRGV10
SLC43A3,SLC43A3
EEF1AKMT3,EEF1AKMT3
BCL9,BCL9
GFOD2,GFOD2
DNAI2,DNAI2
IDO1,IDO1
HHIPL2,HHIPL2
FNDC9,FNDC9
ADAMTSL5,ADAMTSL5
ZNF283,ZNF283
ZNF17,ZNF17
CLDN9,CLDN9
PSD,PSD
MEIS3,MEIS3
COL6A2,COL6A2
SEMA6B,SEMA6B
L3MBTL4,L3MBTL4
CISH,CISH
GREB1L,GREB1L
LINC01801,LINC01801
NFS1,NFS1
ZNF208,ZNF208
KLHL31,KLHL31
FBLN1,FBLN1
S100A12,S100A12
LINC02019,LINC02019
CD40LG,CD40LG
NR4A2,NR4A2
DNAJA1,DNAJA1
BTBD19,BTBD19
SEPSECS,SEPSECS
CLEC16A,CLEC16A
PCDH17,PCDH17
PIP4K2C,PIP4K2C
SYNE2,SYNE2
MYH3,MYH3
TRIM62,TRIM62
TRMT5,TRMT5
FGR,FGR
VSIG10L,VSIG10L
TOB1,TOB1
AREL1,AREL1
SHBG,SHBG
THEM5,THEM5
FAM47E,FAM47E
LINC00384,LINC00384
WNT11,WNT11
ASB9,ASB9
ERBB3,ERBB3
LINC00092,LINC00092
BASP1,BASP1
LAMB3,LAMB3
ZNF674,ZNF674
CRNDE,CRNDE
TTLL9,TTLL9
HMGB2,HMGB2
SLC11A1,SLC11A1
P2RX7,P2RX7
FOXM1,FOXM1
CYB5RL,CYB5RL
PCDHGC3,PCDHGC3
GPRC5A,GPRC5A
CCDC3,CCDC3
SEMA4A,SEMA4A
PROS1,PROS1
LHX1,LHX1
PLAU,PLAU
SPX,SPX
CAV1,CAV1
ITGB1-DT,ITGB1-DT
KIAA1671,KIAA1671
PARP16,PARP16
ZDHHC19,ZDHHC19
CHRM5,CHRM5
LPO,LPO
PRTN3,PRTN3
HP,HP
HDAC11,HDAC11
LINC02257,LINC02257
ANXA3,ANXA3
PCAT1,PCAT1
IL11RA,IL11RA
SMAD9,SMAD9
MIR34AHG,MIR34AHG
MAGI2,MAGI2
SPATA2L,SPATA2L
CKM,CKM
FAM234B,FAM234B
ZNF20,ZNF20
TMEM260,TMEM260
LINC02803,LINC02803
MECR,MECR
ST3GAL5-AS1,ST3GAL5-AS1
IQCH,IQCH
DCHS2,DCHS2
BCAT1,BCAT1
DERL3,DERL3
VWDE,VWDE
IGHV6-1,IGHV6-1
LTBP4,LTBP4
CA2,CA2
CLEC4C,CLEC4C
LINC00426,LINC00426
FAM111B,FAM111B
SLC2A9,SLC2A9
NAP1L3,NAP1L3
UGCG,UGCG
RAB26,RAB26
THNSL1,THNSL1
IRAK2,IRAK2
OR52H1,OR52H1
NAV2,NAV2
NEAT1,NEAT1
CD1B,CD1B
ZDHHC18,ZDHHC18
ODF3L1,ODF3L1
ZNF75D,ZNF75D
GFAP,GFAP
B3GNT5,B3GNT5
SDC2,SDC2
PTGER3,PTGER3
BORA,BORA
CSTB,CSTB
FGD5,FGD5
CERCAM,CERCAM
AGBL3,AGBL3
SRGAP3,SRGAP3
ATAD3C,ATAD3C
SMPD3,SMPD3
NADK2,NADK2
TCEAL1,TCEAL1
IGKV1-5,IGKV1-5
ABCA3,ABCA3
KCNH2,KCNH2
FANCD2,FANCD2
MMRN2,MMRN2
EPPK1,EPPK1
ZNF671,ZNF671
EME1,EME1
CCDC38,CCDC38
SAMSN1,SAMSN1
TMEM244,TMEM244
LINC00513,LINC00513
ZNF559,ZNF559
CTSZ,CTSZ
SH3RF3,SH3RF3
SHOX2,SHOX2
NUP62CL,NUP62CL
WNT16,WNT16
ZSCAN26,ZSCAN26
ZNF570,ZNF570
PRMT5,PRMT5
LINC00240,LINC00240
GRN,GRN
CYP2E1,CYP2E1
LINC00987,LINC00987
APBB1,APBB1
HSD17B6,HSD17B6
AVIL,AVIL
NEMP2,NEMP2
TCAP,TCAP
LINC02648,LINC02648
FAM114A1,FAM114A1
MFSD4A,MFSD4A
IGLV1-47,IGLV1-47
CRAMP1,CRAMP1
NNAT,NNAT
ZNF69,ZNF69
UNC13A,UNC13A
ASPM,ASPM
KRT72,KRT72
ADARB2,ADARB2
EPB41L5,EPB41L5
EFCAB8,EFCAB8
ZNF691,ZNF691
SLC24A3,SLC24A3
NFKB1,NFKB1
PROX2,PROX2
TRBV23-1,TRBV23-1
CLK1,CLK1
WNT5A,WNT5A
LZTS2,LZTS2
RGS2,RGS2
CTHRC1,CTHRC1
SPINK2,SPINK2
RPS17,RPS17
AVPI1,AVPI1
MYBPC3,MYBPC3
CMTM4,CMTM4
CLIC3,CLIC3
PAM,PAM
VWA3B,VWA3B
TRBV18,TRBV18
ABHD5,ABHD5
FOSL1,FOSL1
HLA-DRA,HLA-DRA
TKTL1,TKTL1
TBCCD1,TBCCD1
CES1,CES1
MIR3681HG,MIR3681HG
IFT172,IFT172
ACOT11,ACOT11
RMDN2,RMDN2
ERICD,ERICD
SLC22A4,SLC22A4
SNAPC1,SNAPC1
TOX2,TOX2
TRAV2,TRAV2
CTSK,CTSK
ATRNL1,ATRNL1
DDX60L,DDX60L
TRAC,TRAC
LINC00671,LINC00671
PCDHGB6,PCDHGB6
IGKV1-39,IGKV1-39
HBA2,HBA2
CLEC1A,CLEC1A
PLPP6,PLPP6
TMC1,TMC1
COMP,COMP
MATN2,MATN2
DUSP4,DUSP4
BEX1,BEX1
SLC28A3,SLC28A3
TECTA,TECTA
TAFA2,TAFA2
IFITM2,IFITM2
SRR,SRR
TOMM20L,TOMM20L
GBE1,GBE1
ZNF426-DT,ZNF426-DT
PLA2G2D,PLA2G2D
P3H4,P3H4
LPAR2,LPAR2
LINC02754,LINC02754
KRT73,KRT73
CFAP20,CFAP20
PRKCZ,PRKCZ
SDC3,SDC3
TULP3,TULP3
RFX2,RFX2
TIGD3,TIGD3
DNAJA4,DNAJA4
LBHD1,LBHD1
SELENOP,SELENOP
SLC25A14,SLC25A14
GZMB,GZMB
TF,TF
SH3D19,SH3D19
VPREB3,VPREB3
LINC02362,LINC02362
IGLV3-25,IGLV3-25
ARAP1,ARAP1
ZFP28,ZFP28
PRDM15,PRDM15
PLEKHA4,PLEKHA4
FANK1,FANK1
KALRN,KALRN
DHX35,DHX35
NAIF1,NAIF1
TGFA,TGFA
PRKCG,PRKCG
RASL11A,RASL11A
WNK2,WNK2
GPATCH3,GPATCH3
ACOD1,ACOD1
LINC02055,LINC02055
LAMA5,LAMA5
ZNF667-AS1,ZNF667-AS1
LAX1,LAX1
LINC01684,LINC01684
SMOX,SMOX
TNFAIP8L3,TNFAIP8L3
RARB,RARB
PXDC1,PXDC1
RBFOX3,RBFOX3
BATF,BATF
VSIG4,VSIG4
SLC16A10,SLC16A10
GJA4,GJA4
HLA-DQB1,HLA-DQB1
NEURL1B,NEURL1B
ACOT2,ACOT2
TUBB1,TUBB1
CAMK2B,CAMK2B
ZBTB49,ZBTB49
ZNF674-AS1,ZNF674-AS1
CPM,CPM
GCNA,GCNA
JAG1,JAG1
CDK1,CDK1
BTNL9,BTNL9
LINC01703,LINC01703
TRGV3,TRGV3
LINC01736,LINC01736
PIF1,PIF1
LEKR1,LEKR1
CCDC24,CCDC24
ISL2,ISL2
TDRD6,TDRD6
PDE2A,PDE2A
PLA2G15,PLA2G15
HAR1B,HAR1B
PTCD1,PTCD1
RFWD3,RFWD3
FCN1,FCN1
LINC01827,LINC01827
NARF,NARF
RNF17,RNF17
DPH6,DPH6
GTSE1-DT,GTSE1-DT
CACNA1D,CACNA1D
ZNF184,ZNF184
LRGUK,LRGUK
FREM1,FREM1
USP39,USP39
ZNF112,ZNF112
RSPH4A,RSPH4A
RND1,RND1
FAM177B,FAM177B
LINC01176,LINC01176
AKAP6,AKAP6
SCAMP1-AS1,SCAMP1-AS1
YAE1,YAE1
CMTM1,CMTM1
LINC02195,LINC02195
PDLIM3,PDLIM3
MUC16,MUC16
ZFYVE9,ZFYVE9
LINC01393,LINC01393
TSNARE1,TSNARE1
CCNA1,CCNA1
LINC02384,LINC02384
MUTYH,MUTYH
ZBTB20-AS4,ZBTB20-AS4
HSD17B13,HSD17B13
LINC01841,LINC01841
SORBS2,SORBS2
SAAL1,SAAL1
SCNN1A,SCNN1A
AMPH,AMPH
FAM216A,FAM216A
GMNN,GMNN
AMBRA1,AMBRA1
ZBTB20-AS5,ZBTB20-AS5
TBC1D30,TBC1D30
FJX1,FJX1
GALNT14,GALNT14
CCDC113,CCDC113
MEIS1,MEIS1
CDKL3,CDKL3
RAB9B,RAB9B
RPL17,RPL17
MOB3C,MOB3C
ZNF577,ZNF577
TRBV12-3,TRBV12-3
MAK,MAK
HOXA3,HOXA3
HOXA10,HOXA10
MTUS2,MTUS2
OAZ3,OAZ3
SLC38A11,SLC38A11
JPH4,JPH4
HSD11B1,HSD11B1
OXT,OXT
MT1M,MT1M
TRPV1,TRPV1
MAP3K2-DT,MAP3K2-DT
ZXDA,ZXDA
TUBB2B,TUBB2B
HSPH1,HSPH1
RAB36,RAB36
MPZL3,MPZL3
MASTL,MASTL
CDC7,CDC7
TMEM108,TMEM108
ARHGAP22,ARHGAP22
IGLV3-19,IGLV3-19
FAM72B,FAM72B
AKR1C2,AKR1C2
DENND5A,DENND5A
IGLV3-9,IGLV3-9
FTH1,FTH1
COLQ,COLQ
LRRC43,LRRC43
CFAP70,CFAP70
TSLP,TSLP
KDM5B,KDM5B
MAP3K3,MAP3K3
ABHD4,ABHD4
NLGN3,NLGN3
TLK1,TLK1
GNAL,GNAL
VCAM1,VCAM1
MS4A2,MS4A2
SLPI,SLPI
TOGARAM2,TOGARAM2
TACSTD2,TACSTD2
KEL,KEL
CRYBB1,CRYBB1
SPIRE2,SPIRE2
LRRC4C,LRRC4C
ZNF232,ZNF232
LINC01579,LINC01579
TRBV10-3,TRBV10-3
HYLS1,HYLS1
RIPOR2,RIPOR2
HAVCR2,HAVCR2
PGAP1,PGAP1
TLR9,TLR9
INSYN2A,INSYN2A
NOTCH3,NOTCH3
GLI3,GLI3
ASTL,ASTL
HYAL3,HYAL3
IL10,IL10
ABCG2,ABCG2
SYNE1,SYNE1
ZNF286A,ZNF286A
IQCA1,IQCA1
FAM185A,FAM185A
UNC13B,UNC13B
SH2D1B,SH2D1B
MDH1B,MDH1B
IBA57-DT,IBA57-DT
GCNT7,GCNT7
MYO7A,MYO7A
TCP10L,TCP10L
BCS1L,BCS1L
CD3G,CD3G
IGHV3-20,IGHV3-20
GPR150,GPR150
TRPM8,TRPM8
CDAN1,CDAN1
BAMBI,BAMBI
SH3PXD2B,SH3PXD2B
MORN4,MORN4
POMK,POMK
LINC01852,LINC01852
SYNPO2,SYNPO2
DNM1,DNM1
SMTN,SMTN
STAMBPL1,STAMBPL1
TNKS1BP1,TNKS1BP1
P2RX5-TAX1BP3,P2RX5-TAX1BP3
OPHN1,OPHN1
RBM14-RBM4,RBM14-RBM4
NOSTRIN,NOSTRIN
SLC25A35,SLC25A35
APTR,APTR
PLIN2,PLIN2
LINC02175,LINC02175
CDCA8,CDCA8
SORCS2,SORCS2
TRAV8-1,TRAV8-1
POC5,POC5
TUB,TUB
CORO2A,CORO2A
PRKCB,PRKCB
NFKBID,NFKBID
ZNF133,ZNF133
ABCA9,ABCA9
BSN,BSN
MIP,MIP
SLC5A6,SLC5A6
PIK3R5,PIK3R5
ERMARD,ERMARD
EFHB,EFHB
NR1I3,NR1I3
CXCR3,CXCR3
SYP,SYP
IGFBP7,IGFBP7
TRBV5-5,TRBV5-5
PROK2,PROK2
LAMC3,LAMC3
SERPINH1,SERPINH1
SMIM5,SMIM5
ATL1,ATL1
LINC00886,LINC00886
RAPGEFL1,RAPGEFL1
ACCS,ACCS
SPHK1,SPHK1
F2RL2,F2RL2
ATP1B3,ATP1B3
COBL,COBL
AQP11,AQP11
SLC22A1,SLC22A1
WNT5B,WNT5B
PPP4R1,PPP4R1
COL13A1,COL13A1
IGHV2-5,IGHV2-5
AANAT,AANAT
TSC22D3,TSC22D3
IL12B,IL12B
HBEGF,HBEGF
MAP2K5,MAP2K5
DPPA4,DPPA4
LOXL2,LOXL2
ARMC9,ARMC9
IGHV3-11,IGHV3-11
ZNF692,ZNF692
PTX3,PTX3
FAM118B,FAM118B
CH25H,CH25H
TRIM58,TRIM58
EFNA5,EFNA5
APOBEC3D,APOBEC3D
SCN8A,SCN8A
ZNF212,ZNF212
IGLV2-11,IGLV2-11
KIR3DL1,KIR3DL1
CTLA4,CTLA4
LINC01727,LINC01727
CD207,CD207
NET1,NET1
ZFP37,ZFP37
RAD51B,RAD51B
DDAH1,DDAH1
CD82,CD82
ENC1,ENC1
FPR1,FPR1
DDIT3,DDIT3
MEIOC,MEIOC
SCN7A,SCN7A
HRK,HRK
NKG7,NKG7
SMIM14,SMIM14
MT2A,MT2A
NPR2,NPR2
PHACTR3,PHACTR3
CATIP,CATIP
TRGV8,TRGV8
RGS18,RGS18
TRPV3,TRPV3
USHBP1,USHBP1
EPHB1,EPHB1
LINC00563,LINC00563
AKAP12,AKAP12
TRAV1-2,TRAV1-2
MYLK,MYLK
KCNA7,KCNA7
CA6,CA6
CXCL8,CXCL8
PDHX,PDHX
CHAF1B,CHAF1B
NRSN2,NRSN2
CES3,CES3
IL24,IL24
PIP5KL1,PIP5KL1
FN3KRP,FN3KRP
KIF11,KIF11
PLEKHG4B,PLEKHG4B
CA14,CA14
SLC22A5,SLC22A5
RAB27B,RAB27B
IL1B,IL1B
HILPDA,HILPDA
ZNF530,ZNF530
KCNN4,KCNN4
PTPRF,PTPRF
SEZ6L,SEZ6L
LINC01819,LINC01819
LINC02413,LINC02413
PRRT4,PRRT4
TMEM143,TMEM143
DCBLD1,DCBLD1
LTB,LTB
UACA,UACA
HMGA2,HMGA2
DEPDC1,DEPDC1
SPSB2,SPSB2
KCNJ14,KCNJ14
FGFR4,FGFR4
PKIB,PKIB
IGFBP4,IGFBP4
ARG1,ARG1
FAM131B,FAM131B
ZNF630,ZNF630
TPD52L1,TPD52L1
IGLV5-52,IGLV5-52
SLC30A2,SLC30A2
GCAT,GCAT
TNFRSF18,TNFRSF18
IGLV3-10,IGLV3-10
TMEM81,TMEM81
ANKRD50,ANKRD50
CD209,CD209
CHST10,CHST10
CEBPD,CEBPD
TRBV29-1,TRBV29-1
PRB3,PRB3
PCGF3,PCGF3
ANGEL1,ANGEL1
HDC,HDC
MED12L,MED12L
SCIN,SCIN
PLEKHB1,PLEKHB1
CDRT4,CDRT4
SAXO2,SAXO2
TNFRSF19,TNFRSF19
NCR1,NCR1
CENPA,CENPA
SLC7A11,SLC7A11
ZNF221,ZNF221
SUGCT,SUGCT
ALKAL2,ALKAL2
ZFHX2,ZFHX2
CXCL2,CXCL2
PCDH1,PCDH1
NMUR1,NMUR1
TNS2,TNS2
LRP2BP,LRP2BP
WBP2NL,WBP2NL
CCRL2,CCRL2
SYN3,SYN3
KHK,KHK
STX1A,STX1A
SHD,SHD
RFPL3S,RFPL3S
MPI,MPI
NACAD,NACAD
ATP10B,ATP10B
ZNF594,ZNF594
TOMM34,TOMM34
HES4,HES4
PLCD3,PLCD3
XCR1,XCR1
ANXA9,ANXA9
PLSCR2,PLSCR2
NTM,NTM
CACNB2,CACNB2
LRP6,LRP6
FAM184A,FAM184A
BAALC,BAALC
HGD,HGD
ULK3,ULK3
PRPS2,PRPS2
RFTN2,RFTN2
GEM,GEM
CAPS2,CAPS2
ADGRG2,ADGRG2
LINC01031,LINC01031
DPAGT1,DPAGT1
STAC,STAC
SLA2,SLA2
FHL1,FHL1
CT70,CT70
MTCP1,MTCP1
PLEKHG2,PLEKHG2
DUSP5,DUSP5
ADCK1,ADCK1
MID2,MID2
SYNGR3,SYNGR3
CDK2,CDK2
LRRC46,LRRC46
BIRC5,BIRC5
TRBV5-1,TRBV5-1
PPARG,PPARG
MSRB3,MSRB3
GSTM5,GSTM5
UBXN8,UBXN8
B3GALT2,B3GALT2
FANCM,FANCM
PRDM1,PRDM1
MSX1,MSX1
CYP2R1,CYP2R1
CYP17A1,CYP17A1
TLCD4,TLCD4
PECR,PECR
HBA1,HBA1
SPATA18,SPATA18
PPP4R4,PPP4R4
VASH2,VASH2
DSCAML1,DSCAML1
TMEM186,TMEM186
IFNLR1,IFNLR1
SEPTIN8,SEPTIN8
RNF175,RNF175
NRP2,NRP2
SLC40A1,SLC40A1
LZTS1,LZTS1
ZNF778,ZNF778
AJUBA,AJUBA
ZBTB46,ZBTB46
LINC01431,LINC01431
EMCN,EMCN
IGKV1-9,IGKV1-9
CYP4F3,CYP4F3
MROH7,MROH7
PRR29,PRR29
PLAC8L1,PLAC8L1
IFNB1,IFNB1
GFRA2,GFRA2
CYP2S1,CYP2S1
PHKA1,PHKA1
NUP85,NUP85
VNN2,VNN2
PIGU,PIGU
UNC80,UNC80
LRRTM2,LRRTM2
RHD,RHD
ZNF491,ZNF491
LEXM,LEXM
PTGR1,PTGR1
HS6ST1,HS6ST1
DHCR24,DHCR24
MKS1,MKS1
MMP17,MMP17
NSDHL,NSDHL
ATP6V1C2,ATP6V1C2
ICAM5,ICAM5
CRIM1,CRIM1
ID1,ID1
ORM1,ORM1
GADD45G,GADD45G
LYVE1,LYVE1
LINC00663,LINC00663
ARHGAP8,ARHGAP8
FSD1,FSD1
PTK6,PTK6
TRBV28,TRBV28
ANKHD1-EIF4EBP3,ANKHD1-EIF4EBP3
FCRL6,FCRL6
PKD2L2,PKD2L2
PPM1H,PPM1H
KCTD12,KCTD12
TNPO2,TNPO2
ZNF300,ZNF300
KDM2B-DT,KDM2B-DT
CITED2,CITED2
ARMCX4,ARMCX4
CAV2,CAV2
ZFP82,ZFP82
ZNF461,ZNF461
HSD17B14,HSD17B14
NR1D1,NR1D1
ADAMTS4,ADAMTS4
SLC6A4,SLC6A4
IL11,IL11
IGLV9-49,IGLV9-49
LINC01270,LINC01270
ANKDD1B,ANKDD1B
GPR25,GPR25
TPH1,TPH1
RGPD1,RGPD1
LINC00943,LINC00943
LINC00926,LINC00926
NDFIP2,NDFIP2
SLC41A2,SLC41A2
CEP55,CEP55
FKBP11,FKBP11
CA13,CA13
ADAM11,ADAM11
EDARADD,EDARADD
CFAP157,CFAP157
PPP1R27,PPP1R27
LINC02573,LINC02573
LGR6,LGR6
MIR3142HG,MIR3142HG
BAG3,BAG3
STK36,STK36
TMEM187,TMEM187
SDR42E1,SDR42E1
SHISA4,SHISA4
ZNF684,ZNF684
CHD7,CHD7
PI16,PI16
NME9,NME9
FOS,FOS
LINC01220,LINC01220
TRAPPC3L,TRAPPC3L
LINC02773,LINC02773
LINC01918,LINC01918
EFCAB6,EFCAB6
RBBP8,RBBP8
FLYWCH1,FLYWCH1
TMEM132C,TMEM132C
CLEC9A,CLEC9A
PPP1R32,PPP1R32
DUOX2,DUOX2
TRBC2,TRBC2
TRAV13-1,TRAV13-1
CFAP73,CFAP73
CLIP3,CLIP3
KLHL21,KLHL21
LIPT2,LIPT2
CDS1,CDS1
SLC18A2,SLC18A2
CLC,CLC
CFAP69,CFAP69
KMO,KMO
ZSCAN9,ZSCAN9
KPTN,KPTN
GMPR,GMPR
BGLAP,BGLAP
KLRC4-KLRK1,KLRC4-KLRK1
NTSR1,NTSR1
ZNF57,ZNF57
RIN2,RIN2
SERPINE3,SERPINE3
SESN1,SESN1
PPIF,PPIF
EFCAB13,EFCAB13
ZDHHC15,ZDHHC15
CHODL,CHODL
NCR3,NCR3
FAM182B,FAM182B
RPAP1,RPAP1
DBH,DBH
CYB5D2,CYB5D2
HIF1A-AS1,HIF1A-AS1
IGHV1-3,IGHV1-3
PGM5P4-AS1,PGM5P4-AS1
PVALB,PVALB
LDHC,LDHC
SERPINB10,SERPINB10
DOLPP1,DOLPP1
SPRY1,SPRY1
CPA3,CPA3
RYR3,RYR3
ZNF304,ZNF304
CLEC3B,CLEC3B
TNFRSF17,TNFRSF17
HERPUD1,HERPUD1
CCDC116,CCDC116
PLPP1,PLPP1
GPR183,GPR183
FXYD2,FXYD2
ZNF709,ZNF709
SLC13A5,SLC13A5
HPN,HPN
MEAK7,MEAK7
NIM1K,NIM1K
ITGB8,ITGB8
MAB21L3,MAB21L3
SMIM3,SMIM3
KANK3,KANK3
FCER1A,FCER1A
FASLG,FASLG
SERPINB2,SERPINB2
MCM10,MCM10
CYP27B1,CYP27B1
ASB16,ASB16
SPEF2,SPEF2
PC,PC
LIMK2,LIMK2
ANKRD24,ANKRD24
NME8,NME8
GP1BA,GP1BA
RHBDF1,RHBDF1
ADAM12,ADAM12
TTC28,TTC28
CRIP2,CRIP2
TRAV21,TRAV21
LINC02100,LINC02100
LRRC39,LRRC39
WASF3,WASF3
NPHP4,NPHP4
MRC2,MRC2
SLC29A4,SLC29A4
RUFY1,RUFY1
ABCA1,ABCA1
PZP,PZP
CHDH,CHDH
SPDYE3,SPDYE3
TTLL10,TTLL10
COL27A1,COL27A1
SLC26A4,SLC26A4
MSANTD2,MSANTD2
COX7A1,COX7A1
DHDH,DHDH
NR6A1,NR6A1
ACSM1,ACSM1
AKR1E2,AKR1E2
MAP3K9,MAP3K9
MCF2L,MCF2L
ZNF597,ZNF597
GDPD5,GDPD5
IGHV3-7,IGHV3-7
EPS8L1,EPS8L1
GSTM3,GSTM3
NINJ1,NINJ1
CDKL2,CDKL2
MYL2,MYL2
LBR,LBR
PKMYT1,PKMYT1
PAPLN,PAPLN
LCA5L,LCA5L
CDR2L,CDR2L
ELOVL6,ELOVL6
CDC20B,CDC20B
CEL,CEL
BCKDHB,BCKDHB
LINC01569,LINC01569
TPM2,TPM2
EFCAB9,EFCAB9
TOE1,TOE1
CXCL16,CXCL16
TRIM47,TRIM47
RGS1,RGS1
SYN2,SYN2
LINC01644,LINC01644
ENPP6,ENPP6
GYS1,GYS1
MFSD6L,MFSD6L
TUBG2,TUBG2
ZNF41,ZNF41
NDST3,NDST3
DHRS12,DHRS12
ABL1,ABL1
TNFRSF4,TNFRSF4
SLC12A2,SLC12A2
CYP24A1,CYP24A1
SLC23A3,SLC23A3
CLIP1-AS1,CLIP1-AS1
ESPL1,ESPL1
ELOVL4,ELOVL4
CXCL12,CXCL12
ZCCHC12,ZCCHC12
UGGT2,UGGT2
RGPD8,RGPD8
FRG1-DT,FRG1-DT
SLC39A11,SLC39A11
ISYNA1,ISYNA1
CYGB,CYGB
C4BPB,C4BPB
CCND1,CCND1
ATP8B4,ATP8B4
PODN,PODN
KIR2DL1,KIR2DL1
DLL3,DLL3
PMEPA1,PMEPA1
AP4M1,AP4M1
CCL2,CCL2
TROAP,TROAP
ALOX5AP,ALOX5AP
ABCA13,ABCA13
NTN4,NTN4
TBC1D13,TBC1D13
IGHV2-26,IGHV2-26
CNN1,CNN1
FCRL5,FCRL5
LINC00342,LINC00342
ATP8B1,ATP8B1
IGLV2-8,IGLV2-8
LINC01358,LINC01358
PFKFB3,PFKFB3
SLC14A1,SLC14A1
SERPINC1,SERPINC1
CYP46A1,CYP46A1
CYTL1,CYTL1
ADAM23,ADAM23
MFN2,MFN2
NPAS1,NPAS1
KCNK1,KCNK1
IGLV1-40,IGLV1-40
SCUBE1,SCUBE1
KLF6,KLF6
LGALSL,LGALSL
EDC3,EDC3
MTERF3,MTERF3
SH3RF2,SH3RF2
NPIPB15,NPIPB15
ITPRIPL1,ITPRIPL1
CRAT,CRAT
AKR1C3,AKR1C3
FGF13,FGF13
SELP,SELP
HEXIM2,HEXIM2
PLA2G7,PLA2G7
COL8A1,COL8A1
ZC3HAV1L,ZC3HAV1L
LRATD2,LRATD2
GPX2,GPX2
MEX3A,MEX3A
FOXD1,FOXD1
SC5D,SC5D
TXNRD3,TXNRD3
CHIT1,CHIT1
PSPN,PSPN
TRIM16,TRIM16
AHSP,AHSP
PNLDC1,PNLDC1
CMTM2,CMTM2
PRR19,PRR19
P2RX1,P2RX1
TJP3,TJP3
PPP1R9A,PPP1R9A
PIGH,PIGH
CNN3,CNN3
MFAP3,MFAP3
C2CD2,C2CD2
RBP4,RBP4
CACNA1I,CACNA1I
MS4A4A,MS4A4A
LINC01160,LINC01160
MCTP2,MCTP2
NCKAP1,NCKAP1
TMEM221,TMEM221
FMO4,FMO4
PIGZ,PIGZ
SCUBE2,SCUBE2
CEACAM3,CEACAM3
TUBA1B,TUBA1B
DNAJB1,DNAJB1
PASK,PASK
HBD,HBD
CILP,CILP
RAPGEF5,RAPGEF5
ADIRF,ADIRF
MB21D2,MB21D2
IFNG,IFNG
GP9,GP9
SYT1,SYT1
LINC00944,LINC00944
PEX11A,PEX11A
NETO2,NETO2
ZNF772,ZNF772
NAV3,NAV3
MYO5C,MYO5C
TAF9B,TAF9B
RHAG,RHAG
CCDC74A,CCDC74A
RASSF6,RASSF6
TRAV30,TRAV30
FAM124B,FAM124B
FAT4,FAT4
OVGP1,OVGP1
C1QB,C1QB
CYP27A1,CYP27A1
TNFRSF10D,TNFRSF10D
ADCY10,ADCY10
MFSD9,MFSD9
DHRS3,DHRS3
ATP1A2,ATP1A2
P2RY14,P2RY14
ID2,ID2
AQP1,AQP1
NHLH1,NHLH1
NR5A2,NR5A2
PGF,PGF
KCTD11,KCTD11
GNG4,GNG4
CLNK,CLNK
KCTD6,KCTD6
PARD3,PARD3
ACSL1,ACSL1
DAB2,DAB2
FAM53A,FAM53A
GAREM2,GAREM2
CDKL4,CDKL4
SEZ6,SEZ6
ASCC1,ASCC1
RAD9B,RAD9B
SLC7A9,SLC7A9
TRDV3,TRDV3
THBS1,THBS1
CDK20,CDK20
ABCC11,ABCC11
TTTY10,TTTY10
PXDN,PXDN
CABYR,CABYR
AURKA,AURKA
EGR4,EGR4
DUS3L,DUS3L
MAPK12,MAPK12
VWC2,VWC2
HLA-DQA1,HLA-DQA1
PTCD2,PTCD2
FAM81B,FAM81B
AACS,AACS
BMPR1A,BMPR1A
PRR5L,PRR5L
LINC02325,LINC02325
IGLV4-69,IGLV4-69
SPIN3,SPIN3
ATP6V0A1,ATP6V0A1
HSD17B2,HSD17B2
FCRL3,FCRL3
TEKT5,TEKT5
NEK11,NEK11
FCRLB,FCRLB
CCDC168,CCDC168
CCDC134,CCDC134
WDR53,WDR53
IGLV3-21,IGLV3-21
CTSF,CTSF
DNAJB13,DNAJB13
CD1E,CD1E
TMEM139,TMEM139
GTPBP2,GTPBP2
LXN,LXN
PARP2,PARP2
SULT1C4,SULT1C4
CD80,CD80
KIF20A,KIF20A
PCLAF,PCLAF
ADAM22,ADAM22
RNFT1-DT,RNFT1-DT
FAM83F,FAM83F
HSF4,HSF4
LINC00310,LINC00310
OLAH,OLAH
CCDC121,CCDC121
DIRC3,DIRC3
CCDC17,CCDC17
MOV10,MOV10
PTCH1,PTCH1
LGALS4,LGALS4
PARD6G,PARD6G
HAAO,HAAO
ZNF250,ZNF250
TBRG4,TBRG4
VAC14,VAC14
NIBAN1,NIBAN1
FBN1,FBN1
ZNF233,ZNF233
WDR97,WDR97
TERB1,TERB1
ADRA2B,ADRA2B
TRPM3,TRPM3
THNSL2,THNSL2
TMEM177,TMEM177
GTSF1L,GTSF1L
CKAP2L,CKAP2L
STXBP4,STXBP4
IL7,IL7
CTSW,CTSW
DNMBP,DNMBP
TNC,TNC
FGF9,FGF9
AP5Z1,AP5Z1
POLR3G,POLR3G
PKP2,PKP2
EPHB3,EPHB3
ESYT3,ESYT3
SCN5A,SCN5A
FN1,FN1
ENHO,ENHO
ESR2,ESR2
MOCOS,MOCOS
TXNDC16,TXNDC16
THAP9,THAP9
GYPE,GYPE
TARS2,TARS2
TRIM63,TRIM63
TSPAN9,TSPAN9
CAPN8,CAPN8
COPZ2,COPZ2
ZNF862,ZNF862
LINC01010,LINC01010
PRIMPOL,PRIMPOL
TMEM163,TMEM163
INTS1,INTS1
IFIT1,IFIT1
DOK7,DOK7
LHX4,LHX4
DNAH14,DNAH14
MAN1A1,MAN1A1
STEAP1B,STEAP1B
CTSL,CTSL
STAT4,STAT4
ZNF462,ZNF462
COL24A1,COL24A1
GCHFR,GCHFR
GPRASP1,GPRASP1
ADGRA3,ADGRA3
CDKN1C,CDKN1C
NANOS1,NANOS1
IL17RB,IL17RB
SAMD12,SAMD12
ENO3,ENO3
RP1L1,RP1L1
FGFR1,FGFR1
CSRP2,CSRP2
COLGALT2,COLGALT2
TMPRSS11E,TMPRSS11E
FBXO15,FBXO15
PIK3R1,PIK3R1
PTCRA,PTCRA
KLRC1,KLRC1
HPGDS,HPGDS
ZBTB26,ZBTB26
PLCH1,PLCH1
LINC00862,LINC00862
KCNAB3,KCNAB3
TMEM130,TMEM130
CAD,CAD
CCL19,CCL19
DDX39A,DDX39A
GNLY,GNLY
ARSJ,ARSJ
TRAV8-3,TRAV8-3
DUS2,DUS2
CTTNBP2,CTTNBP2
MYLK4,MYLK4
IGHV3-33,IGHV3-33
DDB2,DDB2
IGFL2,IGFL2
UBQLNL,UBQLNL
ZDHHC9,ZDHHC9
S100A2,S100A2
TIGD4,TIGD4
ARHGAP29,ARHGAP29
PIK3R6,PIK3R6
HOXA9,HOXA9
S1PR2,S1PR2
ATP8B3,ATP8B3
RASAL1,RASAL1
KRT1,KRT1
BRCA2,BRCA2
PTGES3L,PTGES3L
DEPTOR,DEPTOR
PHF7,PHF7
IGHA1,IGHA1
CREB3L4,CREB3L4
ZNF296,ZNF296
OTUD6A,OTUD6A
PSMG3-AS1,PSMG3-AS1
PEX3,PEX3
ERFE,ERFE
CD9,CD9
SLC37A2,SLC37A2
CNTNAP1,CNTNAP1
CXCL3,CXCL3
SEPTIN4,SEPTIN4
AURKC,AURKC
CRB3,CRB3
FNDC7,FNDC7
EML5,EML5
TNFAIP6,TNFAIP6
TMEM266,TMEM266
PLSCR4,PLSCR4
SERPINA1,SERPINA1
PTTG1,PTTG1
INHBA,INHBA
TERC,TERC
EHD2,EHD2
VSIG2,VSIG2
MAMLD1,MAMLD1
PPP1R17,PPP1R17
ABCB6,ABCB6
TUBGCP6,TUBGCP6
LGMN,LGMN
MTFR2,MTFR2
DDX56,DDX56
HSPE1,HSPE1
CREB5,CREB5
NFKBIZ,NFKBIZ
PPP1R36,PPP1R36
IGHV3-48,IGHV3-48
FABP3,FABP3
CD3E,CD3E
ENPP3,ENPP3
ZNF485,ZNF485
CNNM4,CNNM4
COL7A1,COL7A1
TRAV4,TRAV4
TFRC,TFRC
ARRDC2,ARRDC2
CKMT2,CKMT2
CAPNS2,CAPNS2
DCAF4,DCAF4
ITPRIP-AS1,ITPRIP-AS1
DLK1,DLK1
MCF2L2,MCF2L2
AAAS,AAAS
ANKEF1,ANKEF1
GLI1,GLI1
ABITRAM,ABITRAM
ADGRG1,ADGRG1
RTKN2,RTKN2
MPZL2,MPZL2
SAMMSON,SAMMSON
IKZF4,IKZF4
ICAM1,ICAM1
LINC01588,LINC01588
IGHV3-73,IGHV3-73
CACYBP,CACYBP
SOCS3,SOCS3
ATXN7L2,ATXN7L2
DYSF,DYSF
ASF1B,ASF1B
BAIAP2L1,BAIAP2L1
TSKS,TSKS
KCTD19,KCTD19
SLC26A11,SLC26A11
SIGLEC12,SIGLEC12
PAQR6,PAQR6
LIN7B,LIN7B
GCNT4,GCNT4
ACTA1,ACTA1
SLC1A7,SLC1A7
PSPH,PSPH
CPXM1,CPXM1
NSUN4,NSUN4
MAML3,MAML3
PLXNA1,PLXNA1
DGKK,DGKK
HSP90B1,HSP90B1
EXOC3L1,EXOC3L1
TYMS,TYMS
TUBB6,TUBB6
GGN,GGN
PRKAR2B,PRKAR2B
PSRC1,PSRC1
TIE1,TIE1
CTSB,CTSB
MSANTD3,MSANTD3
CCL22,CCL22
HUS1B,HUS1B
ANKMY1,ANKMY1
SCAP,SCAP
ABTB2,ABTB2
CLHC1,CLHC1
EHF,EHF
CIART,CIART
FRMD3,FRMD3
CASQ1,CASQ1
MYO6,MYO6
GALNT15,GALNT15
NTRK2,NTRK2
GNPTAB,GNPTAB
ITGAM,ITGAM
KIF17,KIF17
FZD5,FZD5
TUBA4A,TUBA4A
GPAT3,GPAT3
TXN,TXN
CSF2,CSF2
NANOS3,NANOS3
TMCC2,TMCC2
SRPX,SRPX
GRAMD1C,GRAMD1C
FCGR3B,FCGR3B
SHE,SHE
BEND3,BEND3
LY6K,LY6K
MAF,MAF
TRIM68,TRIM68
CA1,CA1
MTRF1,MTRF1
GNA11,GNA11
SERPING1,SERPING1
ARID1A,ARID1A
KANSL3,KANSL3
IL1RL1,IL1RL1
CCDC175,CCDC175
RGS13,RGS13
CYP1B1,CYP1B1
BBS4,BBS4
OSER1,OSER1
TMIGD2,TMIGD2
HSF5,HSF5
NOCT,NOCT
IGF1R,IGF1R
SERPINB9,SERPINB9
SEC61A2,SEC61A2
ITGA7,ITGA7
PLEKHG6,PLEKHG6
VIM,VIM
ITM2A,ITM2A
FGF2,FGF2
FAAH,FAAH
NR1H3,NR1H3
NXF1,NXF1
SLC38A6,SLC38A6
DPYSL3,DPYSL3
TMEM254,TMEM254
RHOH,RHOH
SLC7A8,SLC7A8
GTSCR1,GTSCR1
AGBL2,AGBL2
MYO15A,MYO15A
SLC36A1,SLC36A1
PLA2G4A,PLA2G4A
SPON2,SPON2
TREM1,TREM1
RNF152,RNF152
MPO,MPO
ZMYND12,ZMYND12
KCNT1,KCNT1
UNC119B,UNC119B
HSPA5,HSPA5
MINDY1,MINDY1
LINC01135,LINC01135
CBY1,CBY1
EML6,EML6
TDRKH,TDRKH
FANCE,FANCE
CLCN6,CLCN6
CD83,CD83
PORCN,PORCN
SPOCK3,SPOCK3
MTHFD1L,MTHFD1L
GUCY2C,GUCY2C
NECTIN4,NECTIN4
HTR1F,HTR1F
ZNF573,ZNF573
RAMP3,RAMP3
LINC01473,LINC01473
DNTT,DNTT
LSMEM1,LSMEM1
ZNF157,ZNF157
CD1A,CD1A
JCHAIN,JCHAIN
ACTRT3,ACTRT3
STK32B,STK32B
ADCY2,ADCY2
TREML4,TREML4
PMEL,PMEL
TTC36,TTC36
PGBD5,PGBD5
SLC3A1,SLC3A1
SEMA4F,SEMA4F
SEMA3E,SEMA3E
SAPCD2,SAPCD2
ERG,ERG
IL23A,IL23A
TRIB3,TRIB3
HLA-DRB1,HLA-DRB1
MAP3K21,MAP3K21
GATA2,GATA2
MYT1L,MYT1L
MAGI3,MAGI3
TRAV23DV6,TRAV23DV6
AMDHD1,AMDHD1
DMD,DMD
CMC1,CMC1
ETNK2,ETNK2
CDO1,CDO1
FCER2,FCER2
TEC,TEC
TNFAIP3,TNFAIP3
NUP210L,NUP210L
ZNF599,ZNF599
OBSL1,OBSL1
MCOLN3,MCOLN3
ZNF607,ZNF607
DDIT4,DDIT4
BACH1-AS1,BACH1-AS1
ACHE,ACHE
ZFP36L2,ZFP36L2
MSH5-SAPCD1,MSH5-SAPCD1
LMCD1,LMCD1
ZNF320,ZNF320
TDRD12,TDRD12
LAMA2,LAMA2
KIF18A,KIF18A
AQP10,AQP10
NPW,NPW
RTL8A,RTL8A
ADGRB3,ADGRB3
MCM6,MCM6
ZNF419,ZNF419
RAD51D,RAD51D
ADORA3,ADORA3
FEN1,FEN1
CACNG8,CACNG8
CNGA1,CNGA1
PRR4,PRR4
TCTA,TCTA
STEAP1,STEAP1
TIPARP,TIPARP
SEPTIN3,SEPTIN3
CASC15,CASC15
DNAH7,DNAH7
MSLN,MSLN
ITGA3,ITGA3
ZNF783,ZNF783
IQCC,IQCC
SCD,SCD
SLC25A44,SLC25A44
SLC12A8,SLC12A8
GALNTL6,GALNTL6
CLDN5,CLDN5
DACT1,DACT1
CD163L1,CD163L1
RBFADN,RBFADN
ABHD17C,ABHD17C
MAD2L1BP,MAD2L1BP
MICU3,MICU3
TNK1,TNK1
STAP1,STAP1
FOXC1,FOXC1
CLP1,CLP1
SMC1B,SMC1B
RPGRIP1,RPGRIP1
OTUD7B,OTUD7B
PDE9A,PDE9A
MICAL1,MICAL1
TRIM54,TRIM54
APOO,APOO
PDGFRA,PDGFRA
NRCAM,NRCAM
MIR503HG,MIR503HG
KRT2,KRT2
FLJ20021,FLJ20021
B2M,B2M
USP43,USP43
SOCS5,SOCS5
TMEM30B,TMEM30B
FZD4,FZD4
MPEG1,MPEG1
RPS6KL1,RPS6KL1
TGFBI,TGFBI
ADAMTS8,ADAMTS8
COL4A4,COL4A4
LRRC3,LRRC3
NFIB,NFIB
WSCD2,WSCD2
ZNF558,ZNF558
DLGAP5,DLGAP5
RBPMS,RBPMS
FEZ1,FEZ1
ZNF880,ZNF880
CCR7,CCR7
CD72,CD72
BMP7,BMP7
KAZALD1,KAZALD1
LINC01376,LINC01376
AHNAK2,AHNAK2
NPAS3,NPAS3
CLASP1,CLASP1
CD22,CD22
CEACAM19,CEACAM19
IGKV1-17,IGKV1-17
ZNF700,ZNF700
IGFBP6,IGFBP6
ADORA2B,ADORA2B
ZSCAN12,ZSCAN12
HMBS,HMBS
PPP1R15A,PPP1R15A
MTFR1L,MTFR1L
SUCNR1,SUCNR1
BNIPL,BNIPL
SV2C,SV2C
TMEM225B,TMEM225B
NIPAL4,NIPAL4
MEGF9,MEGF9
F2R,F2R
RWDD3,RWDD3
CD81,CD81
PPEF2,PPEF2
HK3,HK3
HAVCR1,HAVCR1
ZNF619,ZNF619
CUBN,CUBN
GTSE1,GTSE1
DCUN1D2,DCUN1D2
EFL1,EFL1
KLF1,KLF1
EPHA1,EPHA1
LRP5,LRP5
KIAA0087,KIAA0087
STRADB,STRADB
EARS2,EARS2
ANKRD37,ANKRD37
LDOC1,LDOC1
CCDC73,CCDC73
IGHV1-46,IGHV1-46
ZNF382,ZNF382
GREM2,GREM2
ACAD9,ACAD9
CMBL,CMBL
YPEL5,YPEL5
BPI,BPI
ABCA10,ABCA10
F13A1,F13A1
MARS2,MARS2
SPI1,SPI1
TLCD3A,TLCD3A
RGS9BP,RGS9BP
GPSM1,GPSM1
PTGDR,PTGDR
INTS7,INTS7
NPC1,NPC1
CFB,CFB
NR2E3,NR2E3
ZNF2,ZNF2
KIAA1549,KIAA1549
KAZN,KAZN
TGFB1I1,TGFB1I1
XKR9,XKR9
MALRD1,MALRD1
PITPNM1,PITPNM1
CCDC154,CCDC154
ERCC8,ERCC8
TBCEL,TBCEL
LINGO3,LINGO3
PRUNE1,PRUNE1
GCA,GCA
PTPRB,PTPRB
CYB5R2,CYB5R2
ULBP3,ULBP3
HBB,HBB
DIPK1C,DIPK1C
TMCO6,TMCO6
DSP,DSP
MAJIN,MAJIN
SNCG,SNCG
THSD7A,THSD7A
WWC2,WWC2
PMM1,PMM1
RPS6KA2,RPS6KA2
DDX47,DDX47
SERP2,SERP2
ALDOB,ALDOB
PFKFB2,PFKFB2
CEP83-DT,CEP83-DT
MSS51,MSS51
ARHGEF17,ARHGEF17
TYMP,TYMP
HNF1A,HNF1A
PCDHGA7,PCDHGA7
GPRC5D,GPRC5D
ZNF408,ZNF408
MTA3,MTA3
ATG9A,ATG9A
IGLV2-14,IGLV2-14
IRX3,IRX3
ANKRD31,ANKRD31
AOC2,AOC2
CLIC2,CLIC2
ANKMY2,ANKMY2
HLA-DPB1,HLA-DPB1
MGP,MGP
TRAV19,TRAV19
PROZ,PROZ
TMSB4X,TMSB4X
LINC00539,LINC00539
CHKA,CHKA
TRIM45,TRIM45
SERPINE1,SERPINE1
IGHV3-49,IGHV3-49
CDKN3,CDKN3
IL23R,IL23R
DDIAS,DDIAS
L1CAM,L1CAM
NPIPB2,NPIPB2
GRAMD2B,GRAMD2B
SLC2A1,SLC2A1
LINC01262,LINC01262
L3MBTL4-AS1,L3MBTL4-AS1
APBB2,APBB2
LINC01547,LINC01547
PDCD1LG2,PDCD1LG2
APOBEC2,APOBEC2
KCNK17,KCNK17
CDCA2,CDCA2
KLHL23,KLHL23
DROSHA,DROSHA
ASL,ASL
LINGO4,LINGO4
CD8A,CD8A
PLCD4,PLCD4
INVS,INVS
ZNF704,ZNF704
MBOAT2,MBOAT2
ZNF774,ZNF774
CENPM,CENPM
ZNF608,ZNF608
FPR3,FPR3
CDCA3,CDCA3
INMT,INMT
CEP85,CEP85
SAMD15,SAMD15
GJB2,GJB2
TRBV3-1,TRBV3-1
TBC1D25,TBC1D25
GATA6,GATA6
GLT8D2,GLT8D2
SPATA5L1,SPATA5L1
AEN,AEN
WDHD1,WDHD1
FRMD6,FRMD6
AREG,AREG
ZNF417,ZNF417
TNFSF15,TNFSF15
CRYBG2,CRYBG2
TFCP2L1,TFCP2L1
LINC01259,LINC01259
NECTIN3,NECTIN3
PGBD4,PGBD4
PDGFC,PDGFC
GPAT2,GPAT2
MTERF1,MTERF1
CHRNG,CHRNG
COL6A1,COL6A1
CACNA1H,CACNA1H
SPATC1,SPATC1
ZNF81,ZNF81
ZNF222,ZNF222
BICRA,BICRA
VEGFA,VEGFA
HTR2B,HTR2B
CCNB1,CCNB1
SLC25A30-AS1,SLC25A30-AS1
TMEM86A,TMEM86A
RTL6,RTL6
TYRO3,TYRO3
KSR2,KSR2
MAFA,MAFA
FAM229B,FAM229B
ATP13A4,ATP13A4
NME7,NME7
KCND1,KCND1
LINC02709,LINC02709
IGHV3-74,IGHV3-74
LINC02018,LINC02018
DBN1,DBN1
SIAE,SIAE
SLC5A11,SLC5A11
ARHGEF4,ARHGEF4
LINC00471,LINC00471
NCBP2L,NCBP2L
LINC01374,LINC01374
ARG2,ARG2
RNF149,RNF149
MAP1A,MAP1A
EREG,EREG
ENPP2,ENPP2
TSACC,TSACC
AK7,AK7
TCEAL9,TCEAL9
MC1R,MC1R
MOK,MOK
TRPC3,TRPC3
DNMT3B,DNMT3B
GRIK4,GRIK4
TTC39A,TTC39A
PPRC1,PPRC1
MS4A4E,MS4A4E
BMP4,BMP4
SBSPON,SBSPON
TTLL11,TTLL11
PTGFRN,PTGFRN
ZSCAN16,ZSCAN16
KCNH3,KCNH3
HCAR2,HCAR2
POLR3B,POLR3B
PARS2,PARS2
DOK4,DOK4
TRBV4-1,TRBV4-1
SPTA1,SPTA1
ABI3BP,ABI3BP
OSM,OSM
LMBR1,LMBR1
SCAT1,SCAT1
SGIP1,SGIP1
ASAH2B,ASAH2B
EXOSC4,EXOSC4
GLIS3,GLIS3
DNHD1,DNHD1
ZMYND10,ZMYND10
LAG3,LAG3
MPPED2,MPPED2
