,genes
0,JCHAIN
1,HBB
2,HBA2
3,HBA1
4,IGKC
5,IGHA1
6,IGHA2
7,S100A8
8,IGLC2
9,IGLC3
10,IGHM
11,IGKV3-20
12,PRB3
13,PPBP
14,IGHG1
15,TPSB2
16,IGHG2
17,S100A9
18,IGHV3-23
19,IGKV1-5
20,IGKV3-11
21,IGLV2-14
22,IGHV3-30
23,IGKV4-1
24,TPSAB1
25,IGHV4-39
26,PF4
27,APOE
28,IGHV4-59
29,CLC
30,IGKV3-15
31,IGLV3-21
32,CCL18
33,IGHV3-21
34,IGHV3-7
35,IGLV2-23
36,IGHV4-31
37,IGHG3
38,IGHV5-51
39,IGHV3-74
40,IGHV1-2
41,IGLV2-8
42,IGKV1-9
43,IGHV3-33
44,IGLV1-40
45,IGLL5
46,IGLV1-44
47,IGKV1-39
48,IGLV2-11
49,IGHV1-18
50,IGHV3-48
51,RNASE1
52,HBG2
53,HBD
54,IGKV1-17
55,IGKV1D-13
56,IGLV3-1
57,IGKV1-8
58,IGKV2D-28
59,CXCL8
60,CA1
61,IGHV4-61
62,IGLV3-19
63,APOC1
64,IGLV3-25
65,IL1B
66,IGKV1-6
67,IGHV1-46
68,IGHV4-34
69,IGKV1-27
70,IGHV5-10-1
71,IGHV3-11
72,LCN2
73,IGHV2-5
74,IGLV1-51
75,IGKV1-16
76,IGKV1D-8
77,C1QB
78,IGHV4-28
79,IGHV1-69D
80,CXCL5
81,IGHG4
82,LYZ
83,IGHV6-1
84,IGLV1-47
85,IGKV2-30
86,IGHV3-15
87,GNLY
88,S100A12
89,MMP9
90,CHIT1
91,IGHV3-53
92,HSPA1A
93,IGHV3-66
94,IGLV4-69
95,HSPA6
96,IGHV3-43
97,IGHV1-69
98,CCL20
99,HBM
100,C1QA
101,IGLV3-10
102,IGLV7-46
103,CCL4
104,CPA3
105,IGLV6-57
106,IGHV1-3
107,G0S2
108,SELENOP
109,IGLL1
110,IGHV3-20
111,IGHV3-64D
112,CCL3
113,PTGDS
114,IGHV2-26
115,CCL4L2
116,IL1R2
117,SERPINB2
118,IGLV7-43
119,IGLV3-9
120,IGLV8-61
121,IGHV3-49
122,IGLV5-45
123,TUBB1
124,IGHV3-13
125,IGHV3-73
126,CXCL3
127,FN1
128,CAMP
129,AHSP
130,IGHV1-24
131,IGKV2D-29
132,EREG
133,PRG2
134,HSPA1B
135,IGKV2-24
136,MT1G
137,CXCL1
138,CAVIN2
139,GP9
140,LYVE1
141,CTSG
142,CXCL2
143,ALAS2
144,MS4A3
145,CXCL10
146,AREG
147,IGHV1-58
148,THBS1
149,IGLC7
150,IGLV9-49
151,TRBV7-2
152,PLTP
153,RETN
154,C1QC
155,NKG7
156,FTL
157,GNG11
158,PRTN3
159,NRGN
160,FCER1A
161,CCL3L3
162,CCL2
163,IFI27
164,XCL1
165,DNAJB1
166,ELANE
167,S100P
168,VCAM1
169,ABCA13
170,NEAT1
171,DCN
172,MPO
173,AZU1
174,CST3
175,HBG1
176,TRBV11-2
177,FCGR3B
178,MT2A
179,MGP
180,CCL22
181,SLPI
182,TRBV12-3
183,TCL1A
184,IFNG
185,MZB1
186,F13A1
187,MT1E
188,TRBV5-1
189,CA6
190,ZG16B
191,CCL5
192,VCAN
193,CXCL9
194,TRBV7-9
195,STMN1
196,TRBV4-2
197,MT1H
198,MT1X
199,PMCH
200,UBE2C
201,TRBV7-6
202,CD163
203,TRBV7-3
204,TRBV20-1
205,TRBV10-3
206,LYPD2
207,TRBV12-4
208,MYL9
209,GPNMB
210,TRBV6-6
211,INHBA
212,XCL2
213,CD74
214,IL1RN
215,IGLV5-52
216,IFITM2
217,MRC1
218,IFITM3
219,JUN
220,TOP2A
221,TRBV3-1
222,CTSK
223,GZMB
224,IL1RL1
225,GATA2
226,PDK4
227,TMEM40
228,MARCO
229,TRBV4-1
230,TRBV30
231,TRBV6-5
232,SLC25A37
233,AKAP12
234,CYP4F3
235,CMTM5
236,CLU
237,HDC
238,VSIG4
239,FBP1
240,NUPR1
241,TRBV6-1
242,HSPB1
243,TRBV13
244,FCN1
245,CSF2
246,MT-ATP8
247,NAMPT
248,PTGS2
249,HSP90AA1
250,HLA-DRA
251,RGS1
252,CSF3R
253,PLAUR
254,VPREB1
255,CENPF
256,CLEC1B
257,MT1M
258,KIT
259,HMOX1
260,ITGA2B
261,TRBV5-5
262,ACRBP
263,MS4A2
264,TRBV29-1
265,TREML1
266,IL10
267,CH25H
268,FOS
269,KLRB1
270,ARG1
271,CTSL
272,S100A11
273,TIMP1
274,NFKBIA
275,TRBV5-6
276,EGR1
277,TRBV5-4
278,TRBV14
279,CD24
280,ACP5
281,TRBV9
282,BAG3
283,HPGDS
284,CHI3L1
285,FTH1
286,TRBV19
287,SLC4A1
288,HSPH1
289,CD69
290,S100B
291,PTCRA
292,CTSS
293,MNDA
294,TRBV10-2
295,LGMN
296,FGFBP2
297,TRAV38-2DV8
298,EMP1
299,NPPC
300,IL7R
301,CMTM2
302,MEG3
303,CD9
304,ARC
305,TRBV2
306,TIMP3
307,ALPL
308,SAA1
309,HPGD
310,TRBV24-1
311,IER3
312,CTSB
313,IGHD
314,PADI4
315,PF4V1
316,FBLN1
317,GZMK
318,CDKN1C
319,ZDHHC19
320,TRBV6-2
321,PRF1
322,PROK2
323,GCA
324,RGS18
325,TNFAIP3
326,MMP19
327,TSC22D1
328,PMP22
329,HAMP
330,BASP1
331,MKI67
332,TRBV18
333,FOSB
334,SAA2
335,HLA-DRB1
336,PRKAR2B
337,GZMA
338,MMP25
339,NUSAP1
340,TNFAIP6
341,CXCR2
342,RRM2
343,TRAV21
344,OLR1
345,HK3
346,SAT1
347,BPI
348,GZMH
349,ACSL1
350,IL24
351,TRBV25-1
352,LUCAT1
353,HP
354,RPS17
355,TCL1B
356,SOX4
357,HLA-DPA1
358,FABP5
359,MT-ND4L
360,LGALS3
361,SLC40A1
362,GYPA
363,FPR1
364,BCL2A1
365,TRAV12-2
366,DEFB1
367,CA2
368,THBD
369,ZFP36
370,UTS2
371,SDS
372,IDO1
373,MYOM2
374,DOP1B
375,FOLR2
376,RGS13
377,TRAV3
378,STAB1
379,RHAG
380,HLA-DPB1
381,TRAV10
382,SNCA
383,SPON2
384,AIF1
385,APOBEC3A
386,MS4A1
387,TRBV27
388,SERPINH1
389,DUSP4
390,CCN2
391,CLEC10A
392,TNFAIP2
393,CST7
394,CMC1
395,MCEMP1
396,DUSP2
397,MS4A7
398,CALD1
399,TNF
400,IFITM1
401,ANXA3
402,JUND
403,CTSD
404,TRAV13-1
405,RARRES1
406,TYMS
407,TRAV27
408,CDC20
409,EEF1G
410,TRAV8-1
411,FCGBP
412,CPM
413,PENK
414,GYPB
415,RBP4
416,IL6
417,SPARC
418,ANPEP
419,TXNDC5
420,PCLAF
421,TRAV8-4
422,MMP1
423,GP1BA
424,LMNA
425,TRBV28
426,RPH3A
427,TRAV9-2
428,CD79A
429,RGCC
430,TRBV15
431,OLAH
432,KLRD1
433,TUBB
434,MSX1
435,SPTA1
436,NLRP3
437,MAFB
438,HMGB2
439,ATF3
440,LPL
441,COL1A2
442,PCDH9
443,MMRN1
444,CDO1
445,PTX3
446,TRAV38-1
447,LST1
448,AQP9
449,RGS16
450,ANXA1
451,HLA-DRB5
452,TRAV1-1
453,MS4A4A
454,RRAD
455,S100A6
456,TGM2
457,CD207
458,TRDC
459,CLDN5
460,ASPM
461,TRAV12-1
462,ALOX5AP
463,SRGN
464,MAP3K7CL
465,KLRC1
466,HLA-DQA1
467,DAB2
468,IL32
469,CSF1
470,CDK1
471,DUSP1
472,TNIP3
473,DNAJA4
474,TRAV14DV4
475,CXCL12
476,SCGB3A2
477,CLIC3
478,CD14
479,TRDV1
480,VNN2
481,MSR1
482,ITGB3
483,PIGR
484,HEMGN
485,SERPING1
486,TCHH
487,TYROBP
488,TRAV30
489,PLAT
490,NMB
491,ENKUR
492,PLEK
493,TRAV1-2
494,TRAV20
495,RASD1
496,CEBPD
497,TUBA1B
498,IGHE
499,WFDC2
500,TRAV5
501,IFIT1B
502,SLC18A2
503,DERL3
504,SERPINA1
505,FCGR3A
506,CTSW
507,PLA2G2D
508,ORM1
509,CCL19
510,MGAM
511,TRAV8-6
512,IFIT2
513,ULK1
514,RAG1
515,VPREB3
516,CD79B
517,SERPINE1
518,SCGB3A1
519,ADM
520,FCER1G
521,PLIN2
522,SFTPB
523,CFD
524,PPIF
525,CD83
526,TMCC2
527,TNFSF15
528,ACSM3
529,TRDV2
530,KEL
531,SLC11A1
532,RHOB
533,TRIM58
534,TRAV23DV6
535,RGS2
536,DNASE1L3
537,IL2
538,HSPD1
539,STEAP4
540,CEACAM3
541,NFKBIZ
542,MXD1
543,TRAV19
544,TRAV12-3
545,BCL6
546,GDF15
547,IL4
548,CNRIP1
549,GPR183
550,CLEC9A
551,TNNI3
552,A2M
553,CES1
554,IGFBP6
555,CA3
556,MARCKS
557,TRAV29DV5
558,CTLA4
559,ZCCHC12
560,OSM
561,KLRF1
562,MAFA
563,PLIN5
564,GSN
565,C5AR1
566,HLA-DQB1
567,TPX2
568,ZFAND2A
569,TNNC1
570,GCHFR
571,LTB
572,KLF2
573,NBEAL2
574,PTTG1
575,CD7
576,LINC02195
577,TPM2
578,PPP1R15A
579,MS4A6A
580,HSPE1
581,CXCL11
582,CXCR1
583,KRT86
584,RAB27B
585,IL1R1
586,KLF6
587,CYSTM1
588,TRAV26-2
589,NIBAN1
590,GLUL
591,S100A4
592,INSIG1
593,CYP1B1
594,NR4A2
595,CEACAM1
596,CCNB2
597,MME
598,ACTA1
599,LGALS2
600,IL12B
601,ID3
602,CTTN
603,FFAR2
604,MELTF
605,CRIP1
606,TNFRSF4
607,CYP27A1
608,LGALS1
609,ADGRG3
610,GATA1
611,ALDOB
612,LRRK2
613,IFNB1
614,TRBC1
615,CDA
616,CYB5D2
617,PRSS2
618,TRGC2
619,TRAV16
620,VEGFA
621,PLK1
622,KLRC2
623,PHLDA1
624,LRG1
625,HES4
626,SPIC
627,LTBP1
628,P2RX1
629,APLP2
630,TRIM63
631,IL1A
632,IER2
633,NR4A1
634,ITGAM
635,KLF4
636,XPO6
637,HMMR
638,EGR4
639,CXCL14
640,NR4A3
641,LINC01781
642,GEM
643,CD8A
644,RP2
645,FGL2
646,HMGN2
647,PYGL
648,MYLK
649,PDGFA
650,GADD45B
651,SYNE2
652,GADD45A
653,PEG10
654,PRSS57
655,CCDC80
656,CRTAM
657,GYS1
658,ACTN1
659,IRAK3
660,GRN
661,RPL17
662,HES1
663,CSAD
664,PSAP
665,ESAM
666,CLEC12A
667,ITGAX
668,PRDM5
669,CD8B
670,TREM2
671,BEND2
672,HOPX
673,LINC01857
674,AQP10
675,IL2RB
676,VNN1
677,CREM
678,CKAP4
679,IL18RAP
680,TRAV17
681,SAMSN1
682,KCNJ15
683,IFI30
684,CYBB
685,TRIB1
686,CD160
687,PFKFB2
688,HLA-DQA2
689,ZNF331
690,TRAV2
691,CXCL16
692,TKTL1
693,ABCA7
694,LINC02446
695,DLK1
696,AURKB
697,TREM1
698,TSC22D3
699,TNFRSF10C
700,MFAP5
701,TRAV26-1
702,MAP2K3
703,NIBAN3
704,AKR1C1
705,LAG3
706,ALOX12
707,IL5RA
708,SYNE1
709,KIR2DL1
710,KIR3DL1
711,TMIGD3
712,CEBPB
713,ALOX15B
714,SLC7A11
715,SUGCT
716,GADD45G
717,SGK1
718,CXCR4
719,CCNB1
720,AP5B1
721,BANK1
722,SCT
723,ASPH
724,CD63
725,LAIR2
726,FAM193B
727,TRDV3
728,UGCG
729,APOA1
730,TRGV2
731,ACOD1
732,PLAU
733,ARPP21
734,CD36
735,PLBD1
736,MAF
737,COL1A1
738,ATP6V0A1
739,AMN
740,ATP2C2
741,DYSF
742,TFPI
743,TCIRG1
744,KLRK1
745,SLC2A3
746,HBEGF
747,TMSB4X
748,SELP
749,TNFRSF9
750,EGFL7
751,LY6G6F
752,VWA5A
753,HTRA1
754,HSPA8
755,PDZK1IP1
756,MUCL1
757,C1R
758,CR1
759,LPO
760,TRAV13-2
761,VIM
762,PMEL
763,ATP2A3
764,SLCO2B1
765,CLEC4E
766,FCGR2A
767,LINC00926
768,CITED2
769,TNFSF14
770,TGFB1I1
771,SLC1A2
772,KIAA1549
773,ANKRD22
774,LIPA
775,LINC02076
776,ABL2
777,BAZ2B
778,CD247
779,DNAAF1
780,SLC5A3
781,IGF1R
782,HOMER3
783,CSTB
784,LITAF
785,NFE2
786,ABHD5
787,LILRB5
788,TRAC
789,VMO1
790,PFKFB3
791,ID2
792,MYB
793,SORL1
794,KDM5B
795,HGD
796,DNAJA1
797,TMEM52B
798,PRH1
799,IFIT3
800,HSPA5
801,TRH
802,ANKRD34B
803,TNFRSF17
804,HRH2
805,RETREG3
806,RNF175
807,FCER2
808,NPTX2
809,TRAV8-2
810,ICAM1
811,UHRF1
812,PDLIM7
813,MIR3945HG
814,GK
815,HEY1
816,TPM1
817,NEXN
818,MYL4
819,PRUNE2
820,LHX1
821,TFRC
822,TNFRSF18
823,MIR155HG
824,DLGAP5
825,CPVL
826,JUNB
827,IFRD1
828,GMPR
829,TYMP
830,COL17A1
831,TRAPPC3L
832,GJB2
833,KCNE1
834,PMAIP1
835,FABP3
836,MT-CO1
837,CCNJL
838,CUEDC1
839,CR2
840,SH3BGRL2
841,DCTN1
842,LINC02362
843,KRT1
844,CRISPLD2
845,KRT81
846,IVNS1ABP
847,TRAV22
848,ADGRG1
849,HRK
850,GPX3
851,DUSP6
852,RTKN2
853,VPS9D1
854,KIAA0319L
855,TRAV41
856,CD1C
857,RNASE2
858,NNMT
859,SLC25A44
860,IL18R1
861,PCDH17
862,SCN5A
863,SDC2
864,TIGIT
865,RASSF2
866,DHRS9
867,SNX20
868,STAG3
869,TSPO
870,TLR2
871,KRT5
872,TUBB2B
873,SLC1A3
874,KIAA0087
875,ORM2
876,PDE5A
877,TIMD4
878,SPRY1
879,LINC00299
880,CEBPE
881,PSD4
882,CXCR6
883,OXTR
884,TSPAN2
885,ALDH2
886,ACTB
887,TRAV8-3
888,SVIL
889,OSER1
890,INPPL1
891,FBN1
892,TRAV6
893,FILIP1L
894,TACSTD2
895,HSP90AB1
896,PDGFRA
897,HILPDA
898,RBPMS2
899,TIMP2
900,LGALSL
901,LY9
902,CAPG
903,PGD
904,PRR4
905,ZDHHC18
906,ARL4C
907,TFPI2
908,IRS2
909,RPS27
910,KRT23
911,CREB5
912,ZNF683
913,IGFBP2
914,ADAMTS1
915,AMPD2
916,BRI3
917,ACSS3
918,BATF
919,FCGRT
920,CORO2A
921,PNMT
922,CABP5
923,GFI1B
924,MINDY1
925,FAM178B
926,MVD
927,PGC
928,RNASE3
929,CDKN2D
930,MYADM
931,BIRC3
932,CD300E
933,TRAV24
934,FKBP4
935,ARAF
936,KLK1
937,B2M
938,DNAJB4
939,CD3D
940,C2CD4B
941,IL4R
942,OPRM1
943,YBX3
944,IER5
945,MEGF9
946,TAGLN
947,ABTB1
948,SRA1
949,NEFM
950,SEPTIN5
951,PIK3R5
952,GLDN
953,GPR171
954,DNAH17
955,PFKFB4
956,CKS2
957,NEIL1
958,GSTM3
959,TRGC1
960,CLEC4C
961,KLRC3
962,TLCD4
963,TNC
964,SLC38A11
965,LRRN1
966,KIR3DL2
967,SELENBP1
968,SOCS1
969,FPR2
970,LINC00989
971,LIMS1
972,PPARG
973,KIR2DL3
974,P2RX5
975,EGR3
976,PLK2
977,MAP3K8
978,TTTY14
979,IGSF6
980,MAP3K3
981,KIF1B
982,FOXP3
983,ATP2B1-AS1
984,EDN1
985,DNAH12
986,NTNG2
987,AMY2B
988,HBQ1
989,MORC1
990,TNFSF9
991,IL11RA
992,SLC16A10
993,BTG2
994,NCF2
995,GCSAML
996,AKR1C3
997,ADAM8
998,SCAP
999,VCL
1000,TNFRSF13C
1001,CTSZ
1002,BTBD19
1003,TTLL3
1004,NECAB1
1005,CD209
1006,PTGES
1007,GSTM5
1008,MAN1A1
1009,PPP1R14A
1010,MT-ATP6
1011,P2RY13
1012,ZNF587
1013,OPLAH
1014,TRBV23-1
1015,NME2
1016,CYGB
1017,MTURN
1018,SNAPC1
1019,ALDH1A1
1020,CENPE
1021,BACH2
1022,IL4I1
1023,SMC4
1024,LIF
1025,MICAL1
1026,TRBC2
1027,CHN1
1028,TUBB4B
1029,IL2RA
1030,KBTBD7
1031,MMD
1032,BLVRB
1033,MLKL
1034,DRAIC
1035,LINC01871
1036,TSPYL2
1037,TRAV39
1038,BEX3
1039,CHI3L2
1040,CGAS
1041,ADAMTS4
1042,CKB
1043,ELL2
1044,CHST15
1045,ICA1
1046,ABCA1
1047,PTPRJ
1048,NPC2
1049,MEF2B
1050,LPAR2
1051,KREMEN1
1052,KCTD12
1053,CD38
1054,PSTPIP2
1055,MYBL1
1056,SPX
1057,EGR2
1058,SMIM5
1059,ZFP36L2
1060,UBN2
1061,BCORL1
1062,SLC16A3
1063,ZBED2
1064,INTS1
1065,FAM124A
1066,TNFSF11
1067,CD2
1068,ADAMDEC1
1069,COMP
1070,ALDH1A2
1071,C1S
1072,ABCA6
1073,ATP6V0C
1074,BPGM
1075,S1PR5
1076,RALGPS2
1077,IL19
1078,KCNAB3
1079,SLCO4C1
1080,RASSF6
1081,CEMIP
1082,RNF24
1083,PNPLA1
1084,IFIT1
1085,PDLIM1
1086,IRF4
1087,VASN
1088,TNFRSF12A
1089,ATAD2B
1090,BHLHE40
1091,CD1E
1092,SDHAF1
1093,TSPO2
1094,CADPS
1095,TNFSF4
1096,LINC01480
1097,SYTL3
1098,CFP
1099,CDKN1A
1100,TMEM158
1101,KLRG1
1102,MAOB
1103,CSTA
1104,KIF14
1105,RTN3
1106,LILRA4
1107,TRGV8
1108,NPPA
1109,ZRANB1
1110,XBP1
1111,KDM6B
1112,DZANK1
1113,KIR2DL4
1114,SPATC1
1115,GPR34
1116,SMIM18
1117,TM4SF1
1118,PRRT4
1119,COLEC12
1120,MEIS1
1121,TLE4
1122,SSR4
1123,DSC2
1124,PHACTR1
1125,EEF1A1
1126,VEPH1
1127,NTM
1128,GNG4
1129,LGALS4
1130,ICOS
1131,CSGALNACT1
1132,TBL1X
1133,TUBGCP6
1134,SP3
1135,ALDOA
1136,S100A10
1137,GUCY1B1
1138,BICRA
1139,BIRC5
1140,ATG2B
1141,ZNF283
1142,ETS2
1143,LYST
1144,BICRAL
1145,FJX1
1146,MROH1
1147,HSP90B1
1148,CCN3
1149,GRAMD1A
1150,CCNA2
1151,TUBA4A
1152,PNPLA6
1153,DGKI
1154,TRAV25
1155,IL17C
1156,NOS1AP
1157,RNF144B
1158,QRICH2
1159,PLD3
1160,DGAT2
1161,MPP1
1162,COL7A1
1163,ZNF654
1164,CX3CR1
1165,WNK3
1166,LIME1
1167,FCRL5
1168,PLK3
1169,SLC39A8
1170,ITM2C
1171,GZMM
1172,ANGPTL4
1173,PTGS1
1174,UBOX5
1175,IMPDH1
1176,ARHGAP6
1177,ZFP36L1
1178,BMP3
1179,MYBPC3
1180,RYR3
1181,CD3G
1182,TLR4
1183,CETP
1184,TK1
1185,C5AR2
1186,DTYMK
1187,RNF14
1188,DAPK2
1189,NRARP
1190,TRGV5
1191,SPIB
1192,AICDA
1193,CCDC168
1194,UBE2S
1195,CD22
1196,PLXDC2
1197,VWF
1198,APBB2
1199,MT3
1200,REPS2
1201,DDIT4
1202,PLSCR2
1203,LINC01943
1204,HERPUD1
1205,CEP164
1206,MSH3
1207,IGFBP7
1208,MT-CO2
1209,NFKBID
1210,CCNA1
1211,CCR7
1212,PLXNC1
1213,PHLDA2
1214,SCD
1215,SERPINB10
1216,HS3ST1
1217,GLRX5
1218,AATK
1219,ISG15
1220,FKBP11
1221,AK2
1222,SGSM2
1223,ARFGAP1
1224,DCDC2B
1225,FCRLA
1226,PHC2
1227,MPEG1
1228,AP1S2
1229,TCF4
1230,TMEM63A
1231,LAYN
1232,DAAM2
1233,DTX1
1234,CD55
1235,CCDC126
1236,SEMA4A
1237,MAMDC2
1238,TRGV10
1239,MED12L
1240,SH2D1B
1241,HMGA1
1242,FAM111B
1243,XIST
1244,AFF3
1245,SH2D2A
1246,FLOT2
1247,MAMLD1
1248,MYC
1249,COTL1
1250,ADGRE2
1251,YPEL5
1252,STX3
1253,IGF1
1254,GNAI1
1255,STXBP2
1256,FOLR3
1257,ACTRT3
1258,TMEM91
1259,ARHGAP9
1260,SOCS3
1261,RBP7
1262,ENHO
1263,DTHD1
1264,RGL1
1265,GP6
1266,AMOTL1
1267,STOM
1268,ADIRF
1269,DRC1
1270,WASF1
1271,PXN
1272,KLF1
1273,GJA4
1274,PLD5
1275,TXNIP
1276,TMEM176B
1277,CDCA8
1278,EBI3
1279,PYHIN1
1280,SERPINF1
1281,CLTCL1
1282,NSUN7
1283,RIPOR2
1284,DAAM1
1285,NOD2
1286,MT-CO3
1287,TRGV3
1288,LRRC49
1289,SPI1
1290,KCNJ2
1291,AMPH
1292,ANXA2
1293,IFI6
1294,CTHRC1
1295,LGALS3BP
1296,INKA2
1297,TCN2
1298,EVA1A
1299,ARID1A
1300,QPCT
1301,AQP1
1302,DST
1303,HIF1A-AS3
1304,IFI44L
1305,PRKCD
1306,BCL2L15
1307,THAP5
1308,PLIN4
1309,DONSON
1310,SOX6
1311,RAMP1
1312,BCL7A
1313,NEU1
1314,NUMB
1315,ARAP1
1316,IGFL2
1317,NAV3
1318,CD3E
1319,CDK12
1320,MFAP4
1321,ZBTB18
1322,DUSP5
1323,TRGV4
1324,MED15
1325,RUFY1
1326,DCHS2
1327,CXCR5
1328,RGL4
1329,LDLR
1330,FRMD3
1331,HSPA2
1332,USP53
1333,KIF20A
1334,CDKN3
1335,CDC20B
1336,NLRP12
1337,TRAV34
1338,MAOA
1339,KPNA2
1340,RAB3C
1341,IL23R
1342,CTSC
1343,RAB27A
1344,ARFGEF1
1345,CD70
1346,IL23A
1347,DNM3
1348,RCN3
1349,ANKRD37
1350,RASIP1
1351,SERPINI1
1352,LTC4S
1353,SMOX
1354,EOMES
1355,CORIN
1356,CD81
1357,CDCA3
1358,TUBA1A
1359,RPS18
1360,SLC25A39
1361,LINC01750
1362,TRAV36DV7
1363,SLC13A5
1364,LYPD3
1365,B3GNT5
1366,TRAV4
1367,SULT1B1
1368,BAMBI
1369,CHGB
1370,GRB10
1371,PLOD2
1372,TXN
1373,CFH
1374,PRSS23
1375,MANSC1
1376,SCN1B
1377,NCF1
1378,SELL
1379,SNTB2
1380,SLC4A10
1381,AP5Z1
1382,TUBB6
1383,INTS6
1384,MYRF
1385,ACY3
1386,TP53I11
1387,PCNX1
1388,ZEB2
1389,TRPM2
1390,ATP1B1
1391,SNAI1
1392,MCM7
1393,TRGV9
1394,TTPAL
1395,GABRB2
1396,FKBP5
1397,DENND5A
1398,USP21
1399,PKP4
1400,GJB6
1401,PLAC9
1402,SPHK1
1403,PASK
1404,CILP
1405,CYP2E1
1406,ACAD8
1407,GIHCG
1408,CD93
1409,TGFBI
1410,QSOX1
1411,CSF1R
1412,AMPD3
1413,TBCEL
1414,LINC01291
1415,TAL1
1416,IRF1
1417,KBTBD6
1418,EIF4A3
1419,CLIC5
1420,FHL2
1421,NRP2
1422,MAFF
1423,GNPTAB
1424,FSTL1
1425,GPAT3
1426,MATK
1427,TLR6
1428,SLC45A3
1429,SPRY2
1430,DOCK5
1431,IRF8
1432,TANC1
1433,GNAZ
1434,PROX1
1435,CD40LG
1436,NABP1
1437,CLEC4D
1438,TMEM140
1439,COQ7
1440,CEMIP2
1441,CD68
1442,CD19
1443,SLC22A4
1444,GOLGB1
1445,SHKBP1
1446,ENPP2
1447,HCK
1448,CYP4F8
1449,APMAP
1450,CKS1B
1451,INPP5K
1452,LHFPL2
1453,HCAR3
1454,HTRA3
1455,DENND3
1456,MARCKSL1
1457,PRDM1
1458,NLRC5
1459,GATA3
1460,PIK3R1
1461,GRAP2
1462,FCRL1
1463,PPP1R12C
1464,EGFL6
1465,PTPRB
1466,SERPINE2
1467,CLEC7A
1468,PCGF3
1469,TBX21
1470,MYO3B
1471,SAMD3
1472,EPB42
1473,COL6A2
1474,ANKRD28
1475,HECW2
1476,IGF2R
1477,SMPD3
1478,DMXL2
1479,MROH8
1480,MIAT
1481,SCN9A
1482,TBC1D23
1483,CEP78
1484,SDCBP
1485,CCR9
1486,NXF3
1487,RORA
1488,GCNT7
1489,BEX1
1490,PDCD1
1491,SLC15A4
1492,CHORDC1
1493,RPS12
1494,ITM2A
1495,MMP2
1496,MERTK
1497,SCGB1C2
1498,NRP1
1499,GSTO2
1500,PTGDR
1501,UCHL1
1502,CREG1
1503,CD163L1
1504,TNFRSF13B
1505,TSHZ2
1506,METRNL
1507,LPCAT2
1508,LRRN3
1509,LBR
1510,TSPOAP1
1511,CLASP1
1512,RPL13A
1513,SIRPB2
1514,NCR3
1515,EXOC6
1516,ELF3
1517,LILRB3
1518,CYTH4
1519,MFAP3L
1520,PLD4
1521,TNNC2
1522,MYO7B
1523,SDC3
1524,PCNA
1525,CDCA7
1526,DNTT
1527,STON2
1528,KLHL2
1529,RCAN1
1530,TLE1
1531,PGRMC1
1532,ATG2A
1533,FCRL6
1534,FASLG
1535,TOX2
1536,POU4F1
1537,STXBP6
1538,DMTN
1539,PHACTR4
1540,GPR155
1541,AIRE
1542,LINC00996
1543,NINJ1
1544,B3GNT8
1545,MCTP2
1546,MAP1A
1547,D2HGDH
1548,ZWINT
1549,CACYBP
1550,NECTIN3
1551,TSPAN32
1552,ADAM28
1553,GPD1
1554,SGCE
1555,SH3BP2
1556,LINC01727
1557,SLC38A2
1558,STEAP1B
1559,FCGR2B
1560,FRY
1561,RPL13
1562,TECPR1
1563,LILRA5
1564,SLC7A5
1565,VAPA
1566,FBXW2
1567,SPTSSB
1568,PELI1
1569,GTSE1
1570,ACSBG1
1571,FGR
1572,UBC
1573,LINC02608
1574,TMEM119
1575,CHID1
1576,ROCK1
1577,CNR1
1578,IP6K2
1579,ARL4D
1580,ABLIM3
1581,CHKA
1582,MAP1LC3A
1583,CADM2
1584,SAMHD1
1585,SDC1
1586,LINC02397
1587,LGALS12
1588,CAV1
1589,DNAJC5
1590,NUF2
1591,SYNGR3
1592,KCNG1
1593,GFPT2
1594,NIPBL
1595,BCO2
1596,COBLL1
1597,SHROOM4
1598,SMIM14
1599,TUBA8
1600,DPH6
1601,RASGEF1B
1602,TRIB2
1603,DAGLB
1604,F2R
1605,NPTX1
1606,IGSF11
1607,PPM1F
1608,LAMP3
1609,EGLN3
1610,ASAH1
1611,IL17RA
1612,VMP1
1613,CD274
1614,LINC02762
1615,SMIM1
1616,CARMN
1617,HCST
1618,UBE2D1
1619,TSHZ3
1620,TNFAIP1
1621,HAL
1622,PBX1
1623,LILRB2
1624,CD72
1625,HOOK2
1626,RGS6
1627,NRCAM
1628,THEM5
1629,ZNF573
1630,SORBS1
1631,NCKAP1
1632,KREMEN2
1633,PHLDA3
1634,GINS2
1635,KLHL21
1636,KCNJ13
1637,KIFC1
1638,AHNAK
1639,EZR
1640,BLK
1641,TRAV40
1642,PTPRE
1643,JMJD6
1644,FMN1
1645,LHPP
1646,HNRNPLL
1647,CSRNP1
1648,NFE2L2
1649,GABRR2
1650,RNF152
1651,RYR2
1652,LTBP4
1653,PLN
1654,TOB1
1655,RFLNB
1656,SLA2
1657,LIX1
1658,SIGLEC6
1659,ZMAT1
1660,ZZEF1
1661,TSLP
1662,LY6K
1663,TNFRSF1B
1664,ZYX
1665,PLA2G7
1666,DSP
1667,CLNK
1668,RPS4Y1
1669,ECHDC3
1670,HCLS1
1671,SPINK2
1672,RPL31
1673,MTUS1
1674,HMGB1
1675,CHP1
1676,MET
1677,SH3TC2
1678,SECTM1
1679,USP10
1680,SCARA5
1681,CITED4
1682,CNTNAP2
1683,AFAP1
1684,SEC11C
1685,BCL11B
1686,MAPK14
1687,ZNF80
1688,CLDN9
1689,ITGB8
1690,TCF7L2
1691,ZBTB16
1692,NEK8
1693,TMIGD2
1694,FAM81B
1695,LINC02207
1696,C3AR1
1697,PTMS
1698,CD109
1699,ABCA5
1700,CENPU
1701,NRXN2
1702,MYO6
1703,ZNF608
1704,GPRC5A
1705,IGFBP4
1706,ZNF90
1707,L3MBTL4
1708,PEAR1
1709,TAGLN2
1710,TUT7
1711,MIR3681HG
1712,MCF2
1713,MSRB1
1714,SIRT3
1715,P4HA2
1716,ABCC2
1717,ADARB1
1718,NUP214
1719,INHBB
1720,DHCR24
1721,TKT
1722,PTGER4
1723,EIF4ENIF1
1724,GNAL
1725,EVC2
1726,DDX39A
1727,JDP2
1728,AQP3
1729,RBMS3
1730,DEF8
1731,RPL10
1732,GJC1
1733,SRSF12
1734,ICA1L
1735,FCRL3
1736,ASPRV1
1737,IL12RB1
1738,PIM2
1739,RNF149
1740,HJURP
1741,TTC38
1742,FAM107B
1743,ITGB1
1744,OR2B6
1745,RABGEF1
1746,NNAT
1747,ZFHX3
1748,ZNF674-AS1
1749,WIPF3
1750,RHOT2
1751,DGKH
1752,CENPM
1753,CISH
1754,MCOLN1
1755,DLL1
1756,RORC
1757,SLCO3A1
1758,TXK
1759,SERPINB1
1760,LEPR
1761,MCC
1762,SPSB1
1763,HMGB3
1764,ANXA5
1765,NFRKB
1766,UBB
1767,CSNK1D
1768,FRMD4B
1769,NCAM1
1770,TYW1
1771,FAM174B
1772,ANKRD55
1773,NCOA4
1774,MMP17
1775,LINC02227
1776,NT5M
1777,SCD5
1778,COL19A1
1779,KDM7A
1780,PLCB1
1781,SPATA6L
1782,ID1
1783,CNTROB
1784,UACA
1785,CYP4F12
1786,ARHGAP29
1787,CELSR1
1788,AIM2
1789,PRR14
1790,LINC00664
1791,NEK5
1792,ATXN1
1793,LHX4
1794,KAZN
1795,TTC21A
1796,MIR503HG
1797,RBM38
1798,POU2AF1
1799,ACKR3
1800,LEF1
1801,TMEM260
1802,ENO2
1803,OTUD1
1804,ZC3H8
1805,STK11IP
1806,TRAF1
1807,ALPK1
1808,EGF
1809,NPW
1810,BMP2
1811,SPAG5
1812,DES
1813,CD82
1814,TFCP2L1
1815,AGMAT
1816,GLIS3
1817,BCAS2
1818,MAL
1819,PIKFYVE
1820,NADK
1821,LINC02029
1822,KLHDC1
1823,MTSS1
1824,ODC1
1825,DOK5
1826,LINC02605
1827,ITGA1
1828,RIN2
1829,DLC1
1830,LAMP5
1831,CUL5
1832,LAT
1833,PAGE5
1834,ACKR4
1835,FKBP9
1836,TIE1
1837,TLN1
1838,NCF4
1839,ZSCAN31
1840,SLCO4A1
1841,GAN
1842,ZC3H18
1843,YES1
1844,SLC35F2
1845,GAS1
1846,CFAP70
1847,SYTL2
1848,LINC01506
1849,C2CD4A
1850,KLF5
1851,PCF11
1852,CTDSP1
1853,POU3F1
1854,SRGAP2
1855,CETN2
1856,NFKB1
1857,PRDM16
1858,NAA15
1859,MAU2
1860,STX7
1861,SCUBE3
1862,CDCA7L
1863,LINC01562
1864,GIPC2
1865,SLC23A2
1866,PLEKHG3
1867,CC2D2B
1868,RPLP1
1869,AKR1B1
1870,TMCC1
1871,GLA
1872,MEIOC
1873,SMARCA4
1874,IER5L
1875,TNFSF10
1876,LIMK2
1877,MAPK10
1878,CAV2
1879,FBXO38
1880,SGSH
1881,FNDC3A
1882,ATP6V0D1
1883,VSTM2L
1884,APOBEC3D
1885,ADAM12
1886,LMO4
1887,PLEKHN1
1888,LINC01792
1889,PVALB
1890,FPR3
1891,BHLHE41
1892,SCX
1893,TGFBR3
1894,SYCP2
1895,FES
1896,PDGFB
1897,RAB15
1898,KRT7
1899,VIPR2
1900,LRFN1
1901,CMTM8
1902,MCL1
1903,LRRC74B
1904,ZFYVE9
1905,SERPINE3
1906,FLRT2
1907,WDFY2
1908,IKZF2
1909,SAMD9
1910,GIMAP7
1911,FBXL18
1912,SLC5A5
1913,GPAT4
1914,GNG8
1915,NBEAL1
1916,ARHGAP18
1917,NPRL2
1918,ARHGAP24
1919,NUP85
1920,TAGAP
1921,PAXBP1
1922,FGF14-AS2
1923,RPS6KA2
1924,FSCN1
1925,ATP13A3
1926,FFAR3
1927,ISL2
1928,ANKRD20A1
1929,NACAD
1930,LZIC
1931,ELOVL7
1932,RNF19B
1933,TCF7
1934,SPIDR
1935,CTDSPL
1936,FDXR
1937,PRKCG
1938,ANXA4
1939,EYS
1940,ZBTB20-AS4
1941,PRDX4
1942,LDHAL6A
1943,UBE2T
1944,B4GALT5
1945,SLC2A1
1946,FCRL2
1947,IL18
1948,EXOC6B
1949,NADSYN1
1950,FYB1
1951,XCR1
1952,CEP83
1953,PLAC8
1954,EPHX1
1955,DOCK4
1956,CPD
1957,JAML
1958,PHKA2
1959,IQCG
1960,MYO5A
1961,CEP128
1962,RDH10
1963,B4GALT6
1964,DHX38
1965,ELAVL3
1966,DDB2
1967,SCN8A
1968,RBM14
1969,SAR1B
1970,AKAP9
1971,SELPLG
1972,CASP6
1973,TSPYL1
1974,RASL11B
1975,EZH1
1976,ZNF763
1977,ETS1
1978,IP6K1
1979,AREL1
1980,KAT2A
1981,AVPR1A
1982,LINC01551
1983,SULT1C2
1984,SSBP2
1985,POMT1
1986,RCSD1
1987,TF
1988,SZT2
1989,EFHD2
1990,PIMREG
1991,SHOX2
1992,ZNF714
1993,BLM
1994,SERTAD1
1995,FAM229A
1996,SPRED2
1997,ELAVL4
1998,ZBED4
1999,NFASC
2000,E4F1
2001,ATP6V1D
2002,GH1
2003,ARHGAP33
2004,PER1
2005,FSTL4
2006,DBT
2007,PRIMPOL
2008,MNT
2009,FAM177B
2010,TCF3
2011,CCRL2
2012,PTPRM
2013,PRX
2014,TPO
2015,ZNF75D
2016,GPR84
2017,MYCT1
2018,CNIH3
2019,LINC02580
2020,PDE3A
2021,PRKCB
2022,CNTNAP3B
2023,TMEM79
2024,MCAM
2025,CARD6
2026,TCTN2
2027,ERO1B
2028,TMC5
2029,MT-ND3
2030,SLC45A4
2031,TREML4
2032,TLK1
2033,CD37
2034,SLC22A1
2035,PDE4D
2036,TENT5C
2037,FUCA1
2038,NAPSA
2039,MAML3
2040,TLR8
2041,SYP
2042,EGOT
2043,ITGA6
2044,TDRD9
2045,SIRT5
2046,ENTPD1
2047,EFNB2
2048,SP1
2049,ABHD12B
2050,NFIL3
2051,FCMR
2052,ESR2
2053,FAXDC2
2054,TROAP
2055,KMT2C
2056,DCHS1
2057,POMZP3
2058,BCL11A
2059,IRX3
2060,ASF1B
2061,RBM28
2062,DENND2D
2063,PBX4
2064,SPC25
2065,LTA4H
2066,SH2D1A
2067,KIRREL3
2068,CKAP2L
2069,THSD1
2070,KDM1B
2071,MTFMT
2072,PLEKHM2
2073,SHISA2
2074,KMT5A
2075,SPOCK2
2076,CERS5
2077,WLS
2078,SRSF7
2079,MYLIP
2080,CCR6
2081,SMG8
2082,IFT74
2083,PIP5KL1
2084,PRSS35
2085,IGHMBP2
2086,SPG11
2087,TMEM43
2088,RRP1
2089,ATP11C
2090,SMIM3
2091,TSPAN13
2092,CPA5
2093,ODF3B
2094,GRIPAP1
2095,FAAP24
2096,TSNARE1
2097,CCDC191
2098,TNS3
2099,TMEM184B
2100,ARL5B
2101,ARMC12
2102,MT1F
2103,TAOK1
2104,SYTL4
2105,RUNX3
2106,TUBGCP3
2107,RND1
2108,DZIP3
2109,DIPK1B
2110,ZNF774
2111,TPST1
2112,C4BPB
2113,MTBP
2114,MSLN
2115,SCGB1C1
2116,BTNL8
2117,WDR36
2118,NPIPB12
2119,SEC24A
2120,ANKRD39
2121,TNFSF13B
2122,CEP63
2123,LINC02099
2124,COLGALT1
2125,TRAF2
2126,UNKL
2127,RNF25
2128,LRRC19
2129,YPEL3
2130,STRN4
2131,PLXNB2
2132,NLRP6
2133,NT5DC3
2134,TIFA
2135,AVP
2136,ZNF783
2137,HLX
2138,TP53I13
2139,EMB
2140,NCR1
2141,APC
2142,GYG1
2143,MYT1L
2144,RPS26
2145,TRIM24
2146,TRAT1
2147,LINC00671
2148,UPP1
2149,OXSM
2150,AGTRAP
2151,WDR97
2152,LYAR
2153,PPP2R2D
2154,MEF2C
2155,ZNF518B
2156,DNM2
2157,TES
2158,PKIG
2159,TREML2
2160,ADCY9
2161,SAP30
2162,NBPF11
2163,ZBTB40
2164,FEZ1
2165,LINC01176
2166,TPM4
2167,RRP12
2168,MYEOV
2169,LINC00861
2170,FAM43A
2171,CAPN2
2172,ARID3A
2173,CCDC88A
2174,GATM
2175,ARFGEF2
2176,PLPP5
2177,LINC01393
2178,MBD1
2179,FAM9C
2180,PLA2G1B
2181,ANGEL2
2182,FBXW5
2183,LINC02709
2184,HLA-DMA
2185,HGS
2186,ROPN1L
2187,CPT1A
2188,ANKDD1A
2189,SLFN14
2190,TRIM4
2191,ZNF341
2192,DCAF8
2193,POLE
2194,QRICH1
2195,TNPO2
2196,CD200
2197,PAX5
2198,ENOX2
2199,MACROD2
2200,GBF1
2201,SMC1B
2202,TXNDC16
2203,ZNF425
2204,CLIC6
2205,ZMYM2
2206,GTPBP2
2207,RASL11A
2208,RESF1
2209,RHOC
2210,CATIP
2211,MON2
2212,NCAPG
2213,PIK3CB
2214,MAB21L3
2215,CD27
2216,WDHD1
2217,FZD5
2218,FNIP2
2219,MIIP
2220,ATG16L2
2221,ORAI2
2222,HMG20A
2223,ARSD
2224,TSEN2
2225,CCND1
2226,PCP2
2227,FCRL4
2228,NEFL
2229,TCF12
2230,NOM1
2231,SEMA3D
2232,SNX14
2233,RCC1
2234,ADA2
2235,SMAP2
2236,TMEM213
2237,SMURF1
2238,GYPE
2239,TCEAL9
2240,EPAS1
2241,TRPC4AP
2242,KDM5C
2243,INAFM1
2244,SLC19A1
2245,MON1A
2246,DNAL4
2247,WTAP
2248,HMBS
2249,ZDHHC14
2250,PMM1
2251,MBOAT2
2252,FBXO32
2253,CPPED1
2254,SHD
2255,HSD17B12
2256,RBM24
2257,DYNLL1
2258,NBR1
2259,GSTM4
2260,MEIS2
2261,CHAMP1
2262,MGAT1
2263,GIMAP5
2264,KIAA0513
2265,KCTD1
2266,SPEN
2267,PLCB2
2268,PAPSS2
2269,NSUN2
2270,FGFR1
2271,SPRYD3
2272,OGN
2273,STX11
2274,SPPL3
2275,HOXA5
2276,EMCN
2277,SSPN
2278,TOM1
2279,MR1
2280,SLFN11
2281,PTPRN
2282,ETV5
2283,ANKRD36C
2284,BOLA2B
2285,TMEM63C
2286,ARHGAP45
2287,GABARAP
2288,GLYATL2
2289,GABARAPL1
2290,ADA
2291,MTA1
2292,ITGAD
2293,TP53I3
2294,DACH1
2295,DGKG
2296,DNAJC3
2297,TLE6
2298,LIPH
2299,CLDN4
2300,SCIN
2301,TIPARP
2302,HAVCR2
2303,TBC1D14
2304,TMSB15A
2305,NEDD4L
2306,RENBP
2307,ACTG1
2308,METTL6
2309,DHRS12
2310,STK31
2311,FBH1
2312,CCDC125
2313,CLSPN
2314,SLC43A3
2315,CACNA1H
2316,GOLGA3
2317,PIGU
2318,FST
2319,TENM1
2320,SESN1
2321,TUBA1C
2322,F2RL3
2323,NCKAP5L
2324,LINC02067
2325,PKIB
2326,CENPA
2327,COL6A3
2328,IMPG2
2329,IGFBP3
2330,MGST2
2331,GUCY2D
2332,SPATA7
2333,ADSL
2334,GLT1D1
2335,BICDL1
2336,MTIF3
2337,DHX34
2338,CCR4
2339,KLHDC10
2340,PIM1
2341,TMEM144
2342,EBF1
2343,AHCYL2
2344,COL4A1
2345,VPS37A
2346,CD6
2347,TG
2348,DCBLD2
2349,ZNF141
2350,PCSK6
2351,TLL2
2352,FNDC3B
2353,FAM47E
2354,NT5C
2355,PDLIM3
2356,GDE1
2357,UNC13A
2358,FXR2
2359,MIF
2360,GAPDH
2361,PLAAT4
2362,FLT1
2363,GSK3B
2364,ARID5B
2365,GPR108
2366,AGPS
2367,DDX56
2368,MYO1F
2369,WHRN
2370,GRAMD4
2371,COMMD5
2372,CDADC1
2373,NKIRAS1
2374,SMAD9
2375,ENC1
2376,EDNRB
2377,PLA2G15
2378,RNASEK
2379,PBLD
2380,FHOD1
2381,SLC38A7
2382,GLDC
2383,DNMBP
2384,KCTD6
2385,ZNF101
2386,GRB14
2387,BCAT1
2388,KLF10
2389,DUSP10
2390,ITSN2
2391,ADGRE5
2392,PARVB
2393,MYLK4
2394,PFKP
2395,LDLRAD4
2396,PDE4B
2397,VPS13A
2398,NDC1
2399,FOSL2
2400,DOCK7
2401,LSMEM1
2402,FADS3
2403,STAT4
2404,PRELP
2405,KIFC3
2406,SLC51A
2407,CPNE3
2408,RASSF8
2409,CUL1
2410,RTF2
2411,DENND1A
2412,LCAT
2413,PPIL4
2414,INKA1
2415,NECAB2
2416,EIF4E
2417,SLC25A34
2418,PEAK1
2419,RSAD2
2420,PXYLP1
2421,THAP2
2422,AXL
2423,ADAM23
2424,SRPK1
2425,ELL3
2426,WDR13
2427,LMNB1
2428,GTPBP1
2429,LINC01127
2430,B3GNT7
2431,KALRN
2432,CLCF1
2433,LTA
2434,AURKA
2435,RNASE6
2436,EFCAB10
2437,LDB2
2438,ITGA7
2439,MAST4
2440,LIN7A
2441,TEX22
2442,DDIT3
2443,ERLIN1
2444,DPEP2
2445,RIPOR3
2446,ACSL3
2447,ALKBH1
2448,MAD2L1
2449,PNP
2450,PPP1R16A
2451,CLK1
2452,KCNMA1
2453,HPX
2454,DDX3Y
2455,ZNF99
2456,LAT2
2457,CD52
2458,VASP
2459,KRT6A
2460,IL10RB
2461,ALCAM
2462,PCCB
2463,PIH1D1
2464,HEATR3
2465,ITK
2466,EHD1
2467,CCDC50
2468,KIR3DX1
2469,CPS1
2470,PLEKHF1
2471,SLC6A4
2472,CHMP3
2473,KDM3A
2474,DDX60L
2475,SCAMP1-AS1
2476,PARVG
2477,GNG7
2478,EML6
2479,SOX11
2480,NGLY1
2481,ABCD1
2482,NPL
2483,SGIP1
2484,CLHC1
2485,MLANA
2486,LINC00958
2487,MAEA
2488,LURAP1L
2489,HEXIM2
2490,SCN3A
2491,FHDC1
2492,CFB
2493,DDX41
2494,SMG5
2495,POGLUT2
2496,CLEC5A
2497,XRN2
2498,CCDC150
2499,VPS37B
2500,SLC26A8
2501,LINC02363
2502,EMC10
2503,ATF4
2504,MX1
2505,ATP9A
2506,PACC1
2507,EMSY
2508,RNGTT
2509,TAF1B
2510,CFAP161
2511,VWA3B
2512,CCL23
2513,SLU7
2514,WDFY3
2515,RHEB
2516,TAF3
2517,NCOA5
2518,SPEG
2519,MYL2
2520,WDR17
2521,FBXO5
2522,POFUT1
2523,LRRC34
2524,DENND2C
2525,DIP2B
2526,SYNM
2527,PNPLA2
2528,HTR3A
2529,OCIAD2
2530,TUBB2A
2531,SKIL
2532,PELI2
2533,GSTP1
2534,JAKMIP3
2535,ADGRD1
2536,SLC39A5
2537,DHTKD1
2538,MYH15
2539,GBP5
2540,GRB2
2541,TNIK
2542,SPAG1
2543,RPS6KB2
2544,RGPD1
2545,HYOU1
2546,APBB3
2547,DDIT4L
2548,CSRP2
2549,RUNDC3A
2550,KLRC4
2551,CCDC112
2552,KPTN
2553,CDT1
2554,INPP4B
2555,UNC13D
2556,IMPACT
2557,RAB31
2558,PCTP
2559,CDC14A
2560,RPL41
2561,LRRC4
2562,SPG7
2563,DGKK
2564,ACOX1
2565,PREX2
2566,ITGA2
2567,TDRP
2568,SLAMF7
2569,CDCA5
2570,LINC00482
2571,RCVRN
2572,DHDH
2573,DEPDC1
2574,GTF2IRD2
2575,EMP2
2576,FAAH2
2577,LRRC26
2578,RPL34
2579,ILK
2580,MT-ND6
2581,ZC3H12A
2582,RIOK3
2583,GAS7
2584,TMEM266
2585,LINC00943
2586,HLA-DOB
2587,NT5C3A
2588,LINC01560
2589,NEGR1
2590,GPCPD1
2591,PCYT1B
2592,SDC4
2593,HECA
2594,IL1RAP
2595,ALKAL2
2596,USP38
2597,POU2F2
2598,CYTOR
2599,LARGE1
2600,SPAG4
2601,ZDBF2
2602,FANK1
2603,PRC1
2604,P2RY14
2605,UFD1
2606,OLFML3
2607,DHFR
2608,ANKRD50
2609,CD226
2610,IL6ST
2611,GTF3C1
2612,AUP1
2613,S100A1
2614,ITPRID2
2615,LINC00638
2616,SAMD14
2617,MGLL
2618,CSF2RB
2619,MAP1B
2620,LINC00545
2621,LINC01013
2622,RAB7B
2623,WWP2
2624,SNHG25
2625,ZNF385D
2626,HORMAD1
2627,COCH
2628,CCDC85A
2629,RPS29
2630,ZNF296
2631,LGALS8
2632,AUTS2
2633,NEDD4
2634,XIRP2
2635,DCT
2636,HPSE
2637,RNF165
2638,RHD
2639,MBOAT7
2640,FHL1
2641,PPEF1
2642,IL6R
2643,SMAD7
2644,ZAP70
2645,TRIM36
2646,ANKS1B
2647,CAMK4
2648,TENT5A
2649,KLHL14
2650,NOVA1
2651,PARD3
2652,CPNE5
2653,BIK
2654,ERRFI1
2655,RGS10
2656,EPB41L3
2657,HCAR2
2658,ABCA2
2659,DYM
2660,ITGB2
2661,KRT8
2662,FECH
2663,ITPRIP
2664,PIM3
2665,MTMR7
2666,GCSAM
2667,BNIPL
2668,CD40
2669,CDCA2
2670,AOC2
2671,GTSCR1
2672,ARHGEF40
2673,EXD3
2674,SEMA4D
2675,DKK3
2676,SERPINB9
2677,ATF7IP
2678,GBP2
2679,PLPP6
2680,PDE4A
2681,GNG2
2682,COLQ
2683,TBXA2R
2684,OASL
2685,SKAP2
2686,SLC16A6
2687,SWT1
2688,PIK3CD
2689,SLC35C2
2690,MGST3
2691,FLI1
2692,RASGRP4
2693,ALDOC
2694,GEMIN7
2695,EZH2
2696,CXCR3
2697,CHST2
2698,TAX1BP1
2699,LGALS9B
2700,LINC00862
2701,BLNK
2702,KMT2D
2703,CYP46A1
2704,KCNT1
2705,ARHGAP26
2706,VAMP1
2707,B3GAT1
2708,ATP8B4
2709,GABPB1
2710,NMUR1
2711,CAMKK2
2712,RAB18
2713,RAPGEF5
2714,ARG2
2715,TAF1C
2716,SLC38A10
2717,NACA2
2718,GPR12
2719,SEC14L5
2720,RBFADN
2721,RPS6
2722,AGFG1
2723,TRABD2A
2724,SVOPL
2725,WEE1
2726,NETO1
2727,PPM1H
2728,PIF1
2729,DIP2A
2730,AANAT
2731,MTHFR
2732,LYN
2733,PPP1R16B
2734,MLF1
2735,SLAMF1
2736,TMOD3
2737,FBXL14
2738,SNX9
2739,FERMT3
2740,CD96
2741,CRELD1
2742,SLFN13
2743,PPARA
2744,NELL2
2745,PTH2
2746,PRAP1
2747,MIR4435-2HG
2748,PBX2
2749,PGS1
2750,S100A13
2751,GDPD3
2752,KIF13A
2753,PRG4
2754,XPA
2755,CCDC141
2756,MEGF11
2757,PTPN22
2758,LGR6
2759,LINC00469
2760,ZNF454
2761,PLAAT1
2762,TMEM176A
2763,FAM210B
2764,METTL7B
2765,TIMMDC1
2766,JSRP1
2767,PIK3IP1
2768,NDUFS2
2769,KRCC1
2770,USP39
2771,PAN2
2772,ALOX5
2773,ABCB1
2774,UTRN
2775,ANGPT1
2776,HIF1A
2777,PACSIN3
2778,ADAMTS8
2779,SLA
2780,GPRC5C
2781,SLAMF8
2782,ACTN3
2783,RORB
2784,SYAP1
2785,PYGM
2786,CSGALNACT2
2787,GCLM
2788,MYZAP
2789,BUB1
2790,PPP1R9A
2791,TRIM10
2792,ELL
2793,GPATCH2
2794,PRMT9
2795,ZNF831
2796,GPR42
2797,FAM193A
2798,ANKRD9
2799,CADM1
2800,PUS10
2801,ADAP2
2802,N4BP3
2803,LRIF1
2804,BTNL9
2805,EVI2B
2806,SOCS2
2807,SURF1
2808,ARL11
2809,DLX2
2810,NFIX
2811,RPL21
2812,PKN2
2813,SPOP
2814,MIR222HG
2815,CTSV
2816,MFSD10
2817,RTTN
2818,RPS4Y2
2819,KANK2
2820,SMG7
2821,CD59
2822,CBX1
2823,HELLS
2824,POR
2825,ZKSCAN1
2826,PATL2
2827,SHANK2
2828,PPP3CA
2829,TYK2
2830,PRKG1
2831,BNIP3L
2832,GRIN3B
2833,PRAM1
2834,MGST1
2835,SNX10
2836,CFLAR
2837,DBH
2838,VLDLR
2839,MAP3K5
2840,AP3M2
2841,RAB13
2842,GK5
2843,TRIM6
2844,COL13A1
2845,ZNF10
2846,MFSD1
2847,LUC7L
2848,NRG2
2849,SDF2L1
2850,LRRC25
2851,CDHR1
2852,SYN2
2853,GPR27
2854,WNT16
2855,MDM2
2856,GRK2
2857,PDGFD
2858,PRDM8
2859,RIMS3
2860,YWHAH
2861,NCS1
2862,GBP1
2863,AHR
2864,ATP6V1A
2865,SLC25A15
2866,GSTO1
2867,ATP1A2
2868,KIF11
2869,SEMA7A
2870,GFOD1
2871,BCL3
2872,CPEB4
2873,YPEL1
2874,KIF27
2875,PTAFR
2876,ICE1
2877,MUC16
2878,ANKH
2879,FYN
2880,ULBP2
2881,LINC00158
2882,USP43
2883,STAM2
2884,ANK1
2885,JAG1
2886,ZMPSTE24
2887,FBLN7
2888,DNER
2889,EPHB1
2890,GIGYF1
2891,PDZD2
2892,CDHR3
2893,SIGLEC1
2894,SIGLEC10
2895,ABHD17A
2896,FRAT1
2897,EGLN2
2898,FOXC1
2899,ELOVL6
2900,DLGAP4
2901,RBL2
2902,CD28
2903,DOCK8
2904,LRP1
2905,CLEC17A
2906,UGT2B17
2907,RHCE
2908,MYBL2
2909,MYO1C
2910,TSPAN9
2911,IQCN
2912,R3HDM4
2913,TMEM37
2914,LCN10
2915,FXYD7
2916,HERC5
2917,NDST3
2918,VAV1
2919,SC5D
2920,MAFG
2921,GRINA
2922,BACE2
2923,POLG
2924,SUCLG1
2925,LCOR
2926,DIAPH2
2927,FKBP2
2928,CYTL1
2929,ACAP2
2930,TMEM154
2931,LINC00513
2932,PRL
2933,NUAK1
2934,TULP2
2935,CECR2
2936,CD5
2937,CMYA5
2938,HLA-DMB
2939,RSF1
2940,MAP4K2
2941,POLD4
2942,IL12RB2
2943,GAB1
2944,ADRB2
2945,SMC2
2946,SEZ6
2947,KIF2A
2948,CEP126
2949,LINC01281
2950,GNS
2951,ZNF33A
2952,OSR2
2953,LIPG
2954,HES6
2955,CCNH
2956,OXR1
2957,GALNT14
2958,PHOSPHO1
2959,B3GALT2
2960,PEX11G
2961,DIPK1C
2962,KDM5D
2963,MINDY4
2964,NPLOC4
2965,ST8SIA1
2966,BST1
2967,PGAP1
2968,STAT5B
2969,P2RX7
2970,PERP
2971,TMEM107
2972,AKAP5
2973,DSE
2974,TSPAN33
2975,SLC9A8
2976,SOS2
2977,KCNH3
2978,EXD1
2979,PILRA
2980,GCNT4
2981,APBA2
2982,CR1L
2983,SEL1L3
2984,IGSF10
2985,TOX
2986,KIF21A
2987,BEND7
2988,CD300A
2989,TP53INP1
2990,EIF1AY
2991,ERN1
2992,LARGE2
2993,MCTP1
2994,HHEX
2995,MLC1
2996,NDC80
2997,LINC01229
2998,HIGD1B
2999,APOBEC3G
3000,BACH1
3001,DNAH6
3002,TRIM56
3003,DCAF12
3004,BATF2
3005,IFFO2
3006,PLEKHG1
3007,ZBTB8OS
3008,MATN2
3009,PLPPR2
3010,PVRIG
3011,CCAR2
3012,CDC42EP3
3013,NEK2
3014,MXD3
3015,MAK
3016,CD44
3017,RAB30
3018,SLC7A8
3019,PREX1
3020,RBMS1
3021,DGKA
3022,MAP9
3023,EIF2AK3
3024,CHSY1
3025,ARRDC1
3026,ST20
3027,SRGAP1
3028,GCOM1
3029,FOXO3
3030,GSTM2
3031,ASCL2
3032,ODF2L
3033,SLFN5
3034,BAALC
3035,USP36
3036,ART4
3037,ADRA2A
3038,PARP12
3039,SIRPG
3040,KIF15
3041,SLC2A5
3042,CD302
3043,ADAMTS17
3044,HTR7
3045,ATP1B3
3046,PACSIN1
3047,TNFRSF1A
3048,TRAF4
3049,DGKD
3050,PSTPIP1
3051,HGSNAT
3052,MECOM
3053,HLA-G
3054,TSNAX
3055,CHD7
3056,MYO10
3057,LINC00092
3058,SLC1A7
3059,FAM89A
3060,NGRN
3061,CDC25B
3062,RIF1
3063,PRDX1
3064,PAGR1
3065,SH2D6
3066,STXBP5
3067,GPR18
3068,PPP2R2B
3069,MT-CYB
3070,THEMIS
3071,TMEM88
3072,PARD6G
3073,RPL32
3074,CASC15
3075,LINGO2
3076,CCR10
3077,FAM177A1
3078,E2F5
3079,LANCL3
3080,LCP1
3081,RGPD2
3082,RHBDF2
3083,HLA-DQB2
3084,BAIAP2L1
3085,LINC01270
3086,IL26
3087,BNC2
3088,NOTCH3
3089,PRPF8
3090,FNBP1L
3091,GPBP1L1
3092,SLFN12L
3093,AEBP1
3094,RELB
3095,TPM3
3096,KIF22
3097,ABCG1
3098,IPCEF1
3099,PROM1
3100,ATP1B2
3101,TNFRSF25
3102,ASB15
3103,CAPN15
3104,LINC01011
3105,LINC02084
3106,CRYM
3107,KIF20B
3108,SPTBN1
3109,ECE1
3110,AGO1
3111,S1PR1
3112,PLEKHG2
3113,PTPRR
3114,PHF21A
3115,GNG10
3116,EAF1
3117,LINC01537
3118,OSBPL2
3119,YJEFN3
3120,C1QTNF4
3121,CCDC25
3122,ENDOD1
3123,CLEC2B
3124,IL13RA1
3125,PDZK1
3126,ZMAT4
3127,OXNAD1
3128,TNNT1
3129,CCDC184
3130,ENPP1
3131,STRN3
3132,CRYBG1
3133,MID1IP1
3134,NAIP
3135,REL
3136,SLC12A9
3137,TOGARAM2
3138,KIAA0825
3139,RPS10
3140,EPM2A
3141,RHOBTB3
3142,FERMT2
3143,FOXJ1
3144,WHAMM
3145,ESCO2
3146,ERICH3
3147,NDEL1
3148,RAD54L2
3149,LCNL1
3150,GPM6A
3151,CDK17
3152,CPNE7
3153,CLEC2D
3154,MAP4K4
3155,CALHM6
3156,M1AP
3157,HSF4
3158,TLR10
3159,NOSIP
3160,CBLB
3161,EBLN2
3162,HCAR1
3163,PECAM1
3164,ZNF429
3165,ACTA2
3166,EFNA5
3167,NAV2
3168,RSPH14
3169,RALGAPA2
3170,UNC5CL
3171,NBL1
3172,DMKN
3173,GALM
3174,PRKCH
3175,GSDME
3176,AARD
3177,PHLDB2
3178,CAMK2G
3179,ABCC10
3180,SPATA2L
3181,KCNK12
3182,LINC01934
3183,ZDHHC13
3184,ENPP3
3185,TCOF1
3186,PGM2L1
3187,LAX1
3188,WSB1
3189,CYCS
3190,KCNN4
3191,PMEPA1
3192,RNF222
3193,ZNF254
3194,ZNF335
3195,PLCG2
3196,ACSL4
3197,DSEL
3198,MSL3
3199,KCNRG
3200,GCDH
3201,FRAT2
3202,MYO1B
3203,DOK1
3204,RHOH
3205,PLIN3
3206,FOXD1
3207,RNF13
3208,MYO15B
3209,LINC02345
3210,MMP23B
3211,CEP55
3212,BARX2
3213,CAMK2B
3214,PIR
3215,AK5
3216,CEP19
3217,LTBR
3218,TCTA
3219,GPR68
3220,TMEM217
3221,LINC02384
3222,RBPMS
3223,RAB32
3224,TBP
3225,CYFIP1
3226,AXDND1
3227,CNST
3228,APOBEC3H
3229,EGLN1
3230,PPP2CA
3231,UQCRHL
3232,LHFPL5
3233,SIRPB1
3234,ILDR2
3235,NCALD
3236,MPZL3
3237,MAGEH1
3238,BTG3
3239,SIT1
3240,PPP1R3B
3241,GREB1L
3242,NREP
3243,HK2
3244,MFSD2A
3245,TTC16
3246,FCGR1A
3247,KLHL3
3248,TMCC3
3249,TRIM72
3250,IKZF3
3251,PTPN4
3252,RNF130
3253,TSPAN18
3254,RTL8B
3255,FBLN5
3256,MICU3
3257,TSEN54
3258,PCSK1N
3259,PODN
3260,RBM47
3261,GRIK4
3262,PADI2
3263,RCHY1
3264,ATAD2
3265,BMP6
3266,SARAF
3267,ATP2B1
3268,FHIT
3269,C20orf204
3270,PTPN13
3271,RNF41
3272,NME9
3273,ADARB2
3274,PPP2R5C
3275,LINC02217
3276,PZP
3277,COL6A1
3278,LEP
3279,ETNK1
3280,AURKC
3281,ADGRV1
3282,VGF
3283,DAB2IP
3284,RCAN3
3285,PKD1L1
3286,LINC00520
3287,STRBP
3288,VTA1
3289,IL2RG
3290,TECPR2
3291,MUC12
3292,BTG1
3293,SCN7A
3294,SH3BGRL3
3295,KIF2C
3296,SOX18
3297,ULBP1
3298,RUNX2
3299,ANK3
3300,GPR15
3301,PID1
3302,SMPDL3A
3303,LRP2BP
3304,CCND2
3305,SCML4
3306,FBXL2
3307,CCND3
3308,NRBF2
3309,SLC16A13
3310,LINC00402
3311,WNT3
3312,CHST12
3313,RTP5
3314,NR2F2
3315,CHMP1B
3316,KCNE5
3317,FLNA
3318,FSCN3
3319,MIR181A1HG
3320,OLMALINC
3321,PPP1R14B
3322,DDX3X
3323,KHDRBS3
3324,FXYD3
3325,POU5F1B
3326,COL5A3
3327,PDGFRB
3328,GPR25
3329,CYP2F1
3330,RGS9
3331,SLITRK5
3332,LEMD1-DT
3333,CCDC144A
3334,OSBP2
3335,ABRA
3336,LINC02422
3337,AKAP6
3338,TESPA1
3339,ADORA3
3340,ZNF583
3341,PTGER2
3342,DCST1
3343,BOK
3344,SPON1
3345,LINC00384
3346,HSD11B1
3347,DIRAS3
3348,PRR5
3349,ASH2L
3350,HK1
3351,DOT1L
3352,SMAD1
3353,LRRC28
3354,OSBPL8
3355,MKNK2
3356,LIM2
3357,MIR194-2HG
3358,EFNA1
3359,GNAI2
3360,SLC20A2
3361,GALNT4
3362,ST8SIA6
3363,SAP130
3364,GAS2L1
3365,BCAS1
3366,SIPA1L2
3367,TCEAL2
3368,CTSA
3369,KCNK13
3370,LEFTY1
3371,FGF13
3372,TPH1
3373,SKAP1
3374,STK40
3375,ITGB5
3376,PCNX4
3377,SLC4A4
3378,SYCE1L
3379,ANLN
3380,ABCB9
3381,HEXB
3382,APLP1
3383,RPLP2
3384,ADAMTS2
3385,DHRS2
3386,GRHL1
3387,ZBTB21
3388,PCDH1
3389,GALNT15
3390,LZTS1
3391,TMEM156
3392,TNK2
3393,CEP290
3394,GFI1
3395,SQSTM1
3396,ISG20
3397,LCK
3398,PPM1N
3399,AACS
3400,SLC24A3
3401,PRR7
3402,HLF
3403,LINC00239
3404,ABCB4
3405,SGO2
3406,STAP1
3407,ZNF664
3408,TALDO1
3409,LINC00895
3410,DOK2
3411,AGO3
3412,MAST2
3413,DUOX1
3414,CCR1
3415,HPD
3416,DUT
3417,SNX22
3418,PGF
3419,GSR
3420,NDFIP2
3421,PTPN7
3422,P2RY10
3423,IMPA1
3424,CLDND2
3425,LMOD3
3426,PPM1A
3427,SSX2IP
3428,DBNDD2
3429,LINC01973
3430,ERBB2
3431,UROD
3432,MYH11
3433,SLF1
3434,CCR8
3435,PRKCZ
3436,ATP13A2
3437,ZNF804A
3438,XPR1
3439,LPAR6
3440,FRMD4A
3441,TRPM8
3442,TYW5
3443,MACF1
3444,EHD3
3445,FGD4
3446,FGF9
3447,LINC02604
3448,ZBTB10
3449,METTL7A
3450,GPR160
3451,RASGEF1A
3452,HMGCS1
3453,ANKRD33B
3454,CCDC71L
3455,BEX5
3456,SLC10A5
3457,MLLT11
3458,NSG1
3459,JMY
3460,TFDP2
3461,KSR2
3462,HVCN1
3463,ITGA10
3464,GSTM1
3465,PLPP3
3466,OLFML2A
3467,LINC00944
3468,LINC02649
3469,CDS2
3470,SLC35A3
3471,SNHG9
3472,DNAAF2
3473,MOK
3474,TSPAN4
3475,GLIPR2
3476,SLC8A1
3477,PRDX2
3478,PRR5L
3479,LINC02245
3480,MSRB3
3481,LAPTM4B
3482,NXPH4
3483,TC2N
3484,CD84
3485,GPHN
3486,TAPT1
3487,ERV3-1
3488,OTUD7B
3489,ZNF844
3490,ARL4A
3491,TLR5
3492,GLRA3
3493,RASGRP3
3494,CTPS1
3495,TERF2IP
3496,LINC01644
3497,PDZD4
3498,NT5E
3499,DBNDD1
3500,AOAH
3501,DUSP8
3502,BTLA
3503,SLC6A6
3504,CAPN12
3505,PRELID2
3506,ZBTB43
3507,CYP51A1
3508,RASGRP1
3509,CSKMT
3510,GPR65
3511,KHDRBS2
3512,GASK1B
3513,TGFA
3514,SLTM
3515,CHRNA1
3516,CALY
3517,LCN8
3518,CCDC7
3519,CEACAM4
3520,CHL1
3521,HDAC4
3522,ST6GALNAC2
3523,AGAP1
3524,IRGM
3525,ATF5
3526,MINPP1
3527,KRT15
3528,TEAD2
3529,STK17A
3530,CAMK2N1
3531,TEX9
3532,TRIM9
3533,LARP4B
3534,EPHX4
3535,PNOC
3536,KATNBL1
3537,LINC02539
3538,RAB6B
3539,DHRS3
3540,SGO1
3541,CCPG1
3542,FUT7
3543,TPRG1-AS1
3544,PDE7B
3545,ACSL6
3546,SLC22A18AS
3547,ZBP1
3548,BBC3
3549,GATA3-AS1
3550,MX2
3551,PAPSS1
3552,HPN
3553,GDF11
3554,RSPH9
3555,SH3BP5
3556,PROC
3557,PKMYT1
3558,FMNL1
3559,BMP7
3560,NRIP3
3561,FOXO6
3562,CASS4
3563,ADAP1
3564,SEMA6B
3565,SLC43A2
3566,TRMU
3567,CCDC159
3568,ZNF224
3569,SUCNR1
3570,HDAC3
3571,DNAH7
3572,TMEM200A
3573,TRAPPC5
3574,NMI
3575,ENPP4
3576,IDS
3577,TTLL5
3578,SGMS1
3579,SYK
3580,BCL2
3581,ASTL
3582,BOLA2
3583,DOK3
3584,ABHD1
3585,HOXB2
3586,TMEM272
3587,CNN1
3588,CCDC34
3589,CHD2
3590,FAM184A
3591,SUB1
3592,OSBPL10
3593,IQCH
3594,BTN3A1
3595,NXF1
3596,IL21R
3597,SAV1
3598,ABI3
3599,TMEM44
3600,IRF2BPL
3601,HRH1
3602,NDRG1
3603,RAB33A
3604,SATB1
3605,SFXN1
3606,EEF1A2
3607,ZDHHC3
3608,SPOCD1
3609,RBFOX3
3610,SEMA5A
3611,SLC25A13
3612,KIF19
3613,SLC37A3
3614,JAKMIP1
3615,KIF23
3616,BICDL2
3617,TMED5
3618,SULT1A1
3619,IFNGR1
3620,TMPRSS11E
3621,RAP1B
3622,FAM161B
3623,LSR
3624,AEN
3625,BCL2L1
3626,PSD
3627,JAM3
3628,CHML
3629,THBS4
3630,SFN
3631,ZBED5
3632,RBPJ
3633,RRM1
3634,HEY2
3635,BNIP3
3636,MKNK1
3637,TBC1D30
3638,IQGAP1
3639,TNS1
3640,KCNA3
3641,ARSJ
3642,ALDH3B1
3643,UBASH3A
3644,MEFV
3645,BAIAP3
3646,GLI3
3647,FN3K
3648,SWAP70
3649,TOB2
3650,XPO7
3651,SLC23A1
3652,SLAMF6
3653,KIF5C
3654,TSPAN5
3655,PRNP
3656,MXRA7
3657,DRAXIN
3658,MYRIP
3659,FAM3D
3660,MT-ND4
3661,APTR
3662,PLCG1
3663,MIDN
3664,KIR3DL3
3665,CNKSR3
3666,MTG1
3667,CCDC152
3668,IRF7
3669,DPP4
3670,CRIP2
3671,SGCD
3672,RNF138
3673,EDARADD
3674,LINC02273
3675,DLG5
3676,ARHGAP1
3677,TGFB1
3678,DIP2C
3679,UPK3BL1
3680,SMIM8
3681,PARP8
3682,FAM120A
3683,NME8
3684,DNAJB6
3685,AHI1
3686,JAKMIP2
3687,ATG4B
3688,ATF7IP2
3689,LETM2
3690,GBA2
3691,TBC1D4
3692,MRPL1
3693,NUP58
3694,CLINT1
3695,CNIH2
3696,DCUN1D4
3697,FAM110A
3698,USP4
3699,RAF1
3700,ST6GALNAC6
3701,KRT2
3702,FAM83D
3703,PPP2R5A
3704,ESM1
3705,LTK
3706,MAPRE2
3707,GPR55
3708,ZFAND5
3709,GAS6
3710,HSH2D
3711,MAN2C1
3712,CBX7
3713,GREM2
3714,LINC00987
3715,HS3ST3B1
3716,NFATC4
3717,FAM53C
3718,CCDC73
3719,ENPP5
3720,PLXND1
3721,STX17
3722,RPGR
3723,NUCB2
3724,CAVIN1
3725,CYP4B1
3726,EIF4A1
3727,AGRP
3728,ADTRP
3729,HOXA7
3730,USP19
3731,OGFRL1
3732,LINC01550
3733,KMO
3734,FEN1
3735,ZNF236
3736,NET1
3737,COL24A1
3738,BAHD1
3739,MECP2
3740,KLF9
3741,SRPX
3742,METTL24
3743,MYO1E
3744,RSRP1
3745,PTPRK
3746,ASGR1
3747,FLT3LG
3748,ARRDC3
3749,LINC00937
3750,FAM110C
3751,MDS2
3752,CNN3
3753,STX1A
3754,GNB5
3755,SPDYC
3756,CNR2
3757,KYNU
3758,WNT11
3759,STXBP1
3760,CTRC
3761,HOXA9
3762,MAN2A2
3763,GLB1L2
3764,PTCH2
3765,CFAP73
3766,HSDL2
3767,GNAQ
3768,ELP1
3769,LBH
3770,GLCCI1
3771,PTGIR
3772,NEK10
3773,CACNA2D2
3774,RPS19
3775,SESN3
3776,ZNF519
3777,RECK
3778,PLAAT2
3779,SSTR3
3780,RNF125
3781,NSMCE1
3782,KCNK5
3783,CHRNA10
3784,ADAM19
3785,ROR1
3786,ORC6
3787,STK10
3788,HEXIM1
3789,CT70
3790,CBLL1
3791,CDH13
3792,PARP15
3793,CRADD
3794,TMEM203
3795,CKM
3796,PALM
3797,CTTNBP2
3798,SSH3
3799,AGO4
3800,CTSH
3801,FXYD2
3802,INSL3
3803,FAM182B
3804,SIN3A
3805,SLC25A30-AS1
3806,FSD1
3807,GBE1
3808,ARHGAP8
3809,GPM6B
3810,KIAA0319
3811,ARHGEF18
3812,SMAD4
3813,TTC32
3814,SNX18
3815,GAREM1
3816,NTRK2
3817,BEST1
3818,RAB37
3819,GPS2
3820,PHEX
3821,LRRC7
3822,ADAMTS10
3823,GPR141
3824,MRPS6
3825,ITPR2
3826,DAZAP2
3827,SLC14A1
3828,USP9Y
3829,REM2
3830,LIPC
3831,ESPN
3832,SLC2A6
3833,FMR1
3834,ASCC1
3835,NFIB
3836,RGS3
3837,CDKL2
3838,PAG1
3839,TMEM45B
3840,PDE3B
3841,STYK1
3842,NBPF20
3843,LILRA2
3844,KIZ
3845,RRAS2
3846,ERG
3847,VIL1
3848,MIB2
3849,ITGA5
3850,OSBPL5
3851,ZDHHC17
3852,P2RY11
3853,ARHGAP44
3854,PITPNM2
3855,IDH1
3856,MSMO1
3857,SLC44A1
3858,PELO
3859,STAM
3860,FAM13A
3861,NAA35
3862,GMNN
3863,KCNJ10
3864,PCOLCE
3865,LEXM
3866,LRRC43
3867,ALS2
3868,IRAK2
3869,TRAPPC11
3870,SETD1B
3871,MSL1
3872,HAPLN3
3873,GALNTL6
3874,SMAGP
3875,SMIM24
3876,ZNF165
3877,SLC35B2
3878,PLCH2
3879,LINC00221
3880,BEND4
3881,RNF19A
3882,CCNL2
3883,CDKN2C
3884,CRHBP
3885,HNMT
3886,PIP4P2
3887,ANKRD36
3888,EPS8
3889,NATD1
3890,KRTCAP3
3891,ZEB1
3892,EDN3
3893,BCL2L11
3894,WDR3
3895,VSTM1
3896,GNA13
3897,GAPT
3898,RINT1
3899,DAPP1
3900,GNAO1
3901,DUSP16
3902,ZNF571
3903,DGKE
3904,NEDD9
3905,RHEBL1
3906,ZFP91
3907,ADGRG6
3908,CYTH3
3909,NINJ2
3910,SLC7A7
3911,MTFP1
3912,MAST3
3913,SMURF2
3914,NFAM1
3915,TMEM35B
3916,KLB
3917,E2F1
3918,STRADB
3919,TCAP
3920,ZBTB38
3921,LINC01765
3922,LGALS9C
3923,MRPS24
3924,XAF1
3925,PLCXD2
3926,TGS1
3927,GOLGA8O
3928,ICAM4
3929,TNFSF8
3930,CDK6
3931,STARD3
3932,FLCN
3933,HSD17B2
3934,ABCC1
3935,ABI3BP
3936,KCTD10
3937,UHMK1
3938,TIGD4
3939,NPDC1
3940,NRXN1
3941,CLEC4G
3942,DNAJB9
3943,GREM1
3944,SLCO1A2
3945,LDHA
3946,APOBR
3947,UPF3B
3948,ITGAV
3949,PLXDC1
3950,CCR3
3951,NAP1L2
3952,KRT18
3953,HIP1
3954,SLC30A2
3955,MORN3
3956,HIC1
3957,SERP2
3958,HIPK2
3959,SOX8
3960,LRP10
3961,CDC14B
3962,TGFBR1
3963,LY6E
3964,NFATC2
3965,STMN3
3966,CREBRF
3967,SNX13
3968,AGBL2
3969,RNF10
3970,NEO1
3971,SYVN1
3972,LINC00342
3973,TET2
3974,LINC02562
3975,CCNF
3976,RAPGEF6
3977,LRRC70
3978,SEC14L2
3979,PTCH1
3980,ABCA9
3981,IPO8
3982,ASS1
3983,SMKR1
3984,LAMB1
3985,CCL25
3986,NSL1
3987,CYB561D1
3988,CLMP
3989,EPHB6
3990,ZKSCAN2-DT
3991,MAP3K11
3992,PTGIS
3993,FGD3
3994,ADPRHL1
3995,KCNAB1
3996,DSTYK
3997,QRSL1
3998,CD200R1
3999,DNAJC3-DT
4000,SPTLC2
4001,LAMB3
4002,PHACTR2
4003,ST6GALNAC3
4004,SHISA8
4005,CCDC137
4006,GMIP
4007,CYP19A1
4008,RCAN2
4009,TAF2
4010,LSP1
4011,RERE
4012,MANF
4013,RNF43
4014,SARDH
4015,PROS1
4016,PAWR
4017,IGF2BP2
4018,FLT4
4019,LINC02132
4020,ARHGEF39
4021,GPR174
4022,GRAMD2B
4023,HOXA3
4024,AVIL
4025,ZNF208
4026,TLE5
4027,WDR86
4028,AGPAT4
4029,STAT1
4030,CALCRL
4031,RAB43
4032,FXYD1
4033,MCM3
4034,WDR59
4035,SUPV3L1
4036,USP51
4037,AKR1C2
4038,CASP5
4039,S1PR2
4040,ZNF445
4041,DEPTOR
4042,ARPC4
4043,ITGB1-DT
4044,SYN3
4045,SLC22A15
4046,BRDT
4047,SCUBE1
4048,SERPINC1
4049,SEC61A2
4050,PITPNC1
4051,COLGALT2
4052,KCNAB2
4053,EPHA4
4054,PLPP1
4055,FHL3
4056,ADAD2
4057,ZNF793
4058,APOLD1
4059,ILF3-DT
4060,ABLIM1
4061,ACOT7
4062,TPD52
4063,ITFG1
4064,DCLRE1A
4065,CCDC88B
4066,CCDC65
4067,MND1
4068,CCNG2
4069,IGF2BP3
4070,LAMA5
4071,HTR2B
4072,LINC01215
4073,CYYR1
4074,AGBL5
4075,SLC10A1
4076,TGIF1
4077,GSC
4078,MXI1
4079,CD320
4080,MOB3A
4081,RPS2
4082,BORCS8
4083,LLGL2
4084,ZBTB32
4085,IFNL1
4086,DGKZ
4087,NTRK1
4088,SLC16A11
4089,SBK1
4090,ANKRD10
4091,UBN1
4092,CP
4093,SAMD4B
4094,GAK
4095,ST3GAL4
4096,GDI1
4097,RAI2
4098,UTS2B
4099,PCLO
4100,NMT2
4101,HAVCR1
4102,DNAH8
4103,TRIM25
4104,MTF1
4105,SYTL1
4106,PRRG2
4107,EIF4G3
4108,DRAM1
4109,FAM20A
4110,LINC01684
4111,PTGFRN
4112,ARL6IP1
4113,CDK5RAP2
4114,MBD6
4115,LINC02731
4116,SPATS2
4117,ZC3H11A
4118,DPF3
4119,SH2D3A
4120,RAD51AP1
4121,REXO2
4122,ZNF598
4123,LDHB
4124,MED12
4125,SORCS2
4126,PPFIA1
4127,RNF213
4128,UHRF2
4129,VIT
4130,BCAS4
4131,KLF14
4132,LIMS2
4133,SLC26A2
4134,HEATR9
4135,LAMA2
4136,TPST2
4137,SLC6A20
4138,GPR82
4139,EIF4E3
4140,XK
4141,CMKLR1
4142,MITF
4143,GIPR
4144,SPTB
4145,RPL36A
4146,LINC01970
4147,ARHGEF26
4148,FCHSD1
4149,RSPH3
4150,KPNA1
4151,FAS
4152,FPGS
4153,ERCC5
4154,GPAM
4155,CDK16
4156,ZNF829
4157,CENPK
4158,GPC3
4159,CASZ1
4160,CDHR2
4161,BFSP2
4162,ANXA2R
4163,FAM167B
4164,AFAP1L2
4165,MICU1
4166,MAP3K2-DT
4167,KCNQ3
4168,ARPC5
4169,ANKRD18A
4170,CFAP45
4171,RIPK2
4172,CD1D
4173,ZNF891
4174,VSTM2B
4175,E2F8
4176,REEP2
4177,ZNF143
4178,PTMA
4179,TRPC3
4180,NFKB2
4181,SLC35E3
4182,GNPDA1
4183,KDM6A
4184,NLRX1
4185,OLFML2B
4186,PRKCQ
4187,CRY1
4188,NETO2
4189,HERC2
4190,CTDP1
4191,HMCES
4192,KCNK6
4193,GPX2
4194,SPTBN4
4195,CARD11
4196,EPB41L2
4197,PNMA5
4198,ZNF600
4199,ZBTB20
4200,TAL2
4201,TWIST2
4202,DEPDC1B
4203,OPTN
4204,ASB2
4205,NAPB
4206,ZBTB7B
4207,AGTPBP1
4208,MAPK8IP3
4209,AFF2
4210,GCNT1
4211,SPATS2L
4212,PHGDH
4213,BFSP1
4214,OTOF
4215,FAM8A1
4216,ZNF667-AS1
4217,PTGDR2
4218,CHD9
4219,ARAP3
4220,LMCD1
4221,COL18A1
4222,E2F3
4223,EDAR
4224,NGFR
4225,SMG9
4226,UGT8
4227,RPL27A
4228,LINC01993
4229,ATP8A1
4230,DDX43
4231,PLVAP
4232,RASSF4
4233,PHIP
4234,MEG8
4235,ZNF365
4236,NKX3-1
4237,CFAP20
4238,CCDC171
4239,RGS20
4240,CALR
4241,SGPP2
4242,COL4A3
4243,GIMAP4
4244,DSCR9
4245,LINGO4
4246,LRIG1
4247,WDR74
4248,ETV1
4249,LMO2
4250,NCK2
4251,PDE7A
4252,POLG2
4253,RBP5
4254,IL17RD
4255,METTL22
4256,PLSCR1
4257,TVP23A
4258,TDRD15
4259,AXIN2
4260,MSC
4261,GPRIN3
4262,CYB561A3
4263,MAP2K1
4264,RMI2
4265,ZNF667
4266,ZDHHC23
4267,HIP1R
4268,S1PR3
4269,UBR2
4270,DNMT3B
4271,CDK5R1
4272,TRIB3
4273,APP
4274,CLCN5
4275,POLR2J2
4276,CNFN
4277,PLEKHB1
4278,SERPINB8
4279,ZNF281
4280,LDLRAP1
4281,SLC26A5
4282,SIDT1
4283,BEX2
4284,PLEKHO1
4285,PDXP
4286,SARM1
4287,ACVR2B
4288,TMED8
4289,ARHGEF12
4290,CNTN2
4291,ZNF827
4292,GRAMD1C
4293,RIC3
4294,KCNH8
4295,PALLD
4296,LXN
4297,SAG
4298,TMEM38A
4299,NDRG2
4300,LINC00309
4301,PTK2B
4302,PCAT1
4303,CRIM1
4304,BOD1L1
4305,LIX1-AS1
4306,TMX4
4307,NEK1
4308,PHF20L1
4309,MMUT
4310,FCHO2
4311,PACSIN2
4312,NUDT4
4313,HEG1
4314,MLLT3
4315,NR1D1
4316,SIRPA
4317,LCP2
4318,NUDT11
4319,TMEM171
4320,MAD2L2
4321,LILRB1
4322,PRSS22
4323,DTX3
4324,MFN2
4325,ADAMTS6
4326,CARNS1
4327,NEK9
4328,DBN1
4329,MGAT5
4330,LINC02696
4331,HOXB4
4332,LMBRD1
4333,CD244
4334,USP28
4335,LINC01686
4336,LYL1
4337,NPIPB11
4338,LINC02202
4339,ARNT2
4340,SLC8B1
4341,ADGRE3
4342,PLA2G4B
4343,MFN1
4344,RBM22
4345,SBSPON
4346,ZNF106
4347,LINC00623
4348,HNRNPA1L2
4349,CTNNAL1
4350,SYNE4
4351,CXXC4
4352,GALNT7
4353,TRAF5
4354,SYNJ2
4355,FBXO2
4356,RNF157
4357,AOC1
4358,LINC01725
4359,CHIC1
4360,PPP4R3A
4361,EBF4
4362,MDM1
4363,COL9A3
4364,ABLIM2
4365,LINC02325
4366,MICAL3
4367,CCNE2
4368,RAB3IP
4369,LINC01220
4370,DLGAP1
4371,ARAP2
4372,METTL8
4373,TCAF2
4374,ZCCHC18
4375,RALB
4376,ARID5A
4377,STX4
4378,CCDC146
4379,PRRG4
4380,PRRT1
4381,CCL28
4382,FALEC
4383,MS4A4E
4384,NLRC3
4385,AP4B1
4386,LINC02848
4387,IFT57
4388,PBXIP1
4389,CHAF1B
4390,RASAL1
4391,NIN
4392,ZNF778
4393,MAP1LC3B
4394,CACNA1A
4395,NIPAL4
4396,CD34
4397,ANP32A
4398,MRPL18
4399,MSH6
4400,SHANK3
4401,TBC1D8
4402,NOCT
4403,SYNGR2
4404,TNRC6C
4405,MOXD1
4406,RPAP2
4407,COL27A1
4408,JAK3
4409,PDE2A
4410,LINC00426
4411,C2CD4D
4412,MAP4K5
4413,TCEA3
4414,TTLL10
4415,SH3YL1
4416,AP3B2
4417,A4GALT
4418,KIF21B
4419,TMEM67
4420,MIR3142HG
4421,ZFYVE28
4422,TPT1
4423,CYFIP2
4424,SETBP1
4425,COL4A2
4426,TBXAS1
4427,TSPAN3
4428,FAM169A
4429,EVI5
4430,LY96
4431,PTPN3
4432,HOXA10
4433,LAP3
4434,SLC27A2
4435,CBX4
4436,LEPROTL1
4437,ATP8B2
4438,LINC00494
4439,FKBP7
4440,CLSTN3
4441,GHET1
4442,PICK1
4443,PPP1R15B
4444,DPH1
4445,CLDND1
4446,P2RY1
4447,ADAM9
4448,ME3
4449,SDHAF2
4450,ANKRD54
4451,ARVCF
4452,CHFR
4453,ATP2B4
4454,RCL1
4455,CTH
4456,SPDYE3
4457,SREK1
4458,PRCD
4459,FAM166B
4460,GDF7
4461,LINC00298
4462,MED31
4463,SNTG2
4464,SPDYA
4465,ST6GALNAC1
4466,RPS15A
4467,GOLGA6L9
4468,LINC00954
4469,LINC02754
4470,CARMIL3
4471,NOG
4472,NUP210L
4473,ASAP2
4474,PKHD1L1
4475,TTC22
4476,FAM217B
4477,TESC
4478,NPR3
4479,PLEKHA1
4480,RAB11FIP1
4481,P2RX5-TAX1BP3
4482,LINC02288
4483,ZNF853
4484,PIWIL2
4485,CCDC28B
4486,SMIM22
4487,RSU1
4488,ATAD5
4489,LPCAT1
4490,MSI2
4491,ZNF117
4492,SLC26A6
4493,ZNF92
4494,CHCHD6
4495,NCEH1
4496,WNT10A
4497,TSACC
4498,AGL
4499,ELOVL4
4500,PILRB
4501,GLIPR1L2
4502,SVIP
4503,MYBPC2
4504,SLC2A14
4505,FKBP1A
4506,SAMMSON
4507,TOPBP1
4508,ZBTB48
4509,COL4A4
4510,LINC01588
4511,ARHGEF25
4512,NR5A2
4513,ZNF490
4514,L1CAM
4515,ADAMTS5
4516,PPP1R3D
4517,KIAA1671
4518,ZNF860
4519,HAP1
4520,PDK3
4521,CMSS1
4522,BRAP
4523,ARHGAP12
4524,CLEC11A
4525,RANBP10
4526,SMCHD1
4527,RPS6KA5
4528,SPN
4529,KL
4530,LINC02739
4531,SHTN1
4532,TTK
4533,CERNA1
4534,SENP2
4535,SYCP3
4536,PTPN12
4537,ATP11A
4538,RAD51
4539,MAT2A
4540,TMEM30B
4541,PM20D1
4542,ITM2B
4543,RAB3D
4544,SLC16A1
4545,BEST4
4546,MEX3C
4547,CCR5
4548,FBF1
4549,SYT1
4550,WWC1
4551,LEAP2
4552,COBL
4553,SLC30A4
4554,SYNGR1
4555,PLEKHH2
4556,PRKD2
4557,NMU
4558,MYH9
4559,PLA2G12A
4560,HMGN5
4561,FURIN
4562,TBC1D32
4563,GXYLT1
4564,RALGDS
4565,ZNF584
4566,APBB1
4567,PRICKLE1
4568,ITLN1
4569,DDR2
4570,HLA-DOA
4571,TPBG
4572,MYO1G
4573,CNP
4574,HOXB3
4575,SYBU
4576,LINGO3
4577,TNFRSF11A
4578,GLS2
4579,FANCD2
4580,RNPC3
4581,CD99L2
4582,SGSM1
4583,PLEKHG6
4584,TACC3
4585,PLEKHA5
4586,AGO2
4587,MAPK6
4588,UBE2J1
4589,PLXNA4
4590,RUSC2
4591,ZBED6
4592,CCAR1
4593,MAP3K20
4594,CLEC16A
4595,EVPL
4596,RNASE4
4597,EXPH5
4598,STARD9
4599,LINC00243
4600,SYT5
4601,ZNF727
4602,DUSP14
4603,RILPL2
4604,GM2A
4605,PRSS3
4606,CNOT6L
4607,INTS5
4608,MTERF2
4609,TM4SF19
4610,ZNF627
4611,HELB
4612,CAST
4613,RPS8
4614,EML4
4615,MYD88
4616,WFDC1
4617,S100A2
4618,REG4
4619,LINC02086
4620,CALHM5
4621,FOXD2
4622,PPP2R3A
4623,SYCE1
4624,GPRASP1
4625,ANKRD31
4626,CENPL
4627,NEB
4628,ADCY3
4629,STARD4
4630,EMP3
4631,TAF11
4632,CMIP
4633,MIA
4634,PLCL1
4635,APEX2
4636,FRMPD3
4637,PIAS2
4638,B3GAT2
4639,FAM222A
4640,SCN2A
4641,SRXN1
4642,ARRB2
4643,ZFR2
4644,FLT3
4645,GSAP
4646,TMPRSS3
4647,ZC3H6
4648,P3H4
4649,ATP7A
4650,OBSCN
4651,LRRC2
4652,ZNF711
4653,SP140
4654,ARPC1B
4655,FGF18
4656,PAM
4657,EVA1C
4658,CDC42BPG
4659,HSPA4L
4660,MLXIPL
4661,PPP4R1
4662,PPM1K-DT
4663,KDM4B
4664,SCYL2
4665,TRIM17
4666,ABCC4
4667,NUAK2
4668,SH2B3
4669,EMILIN2
4670,OLFM2
4671,LINC02328
4672,ZNF346
4673,RAB36
4674,OXT
4675,FZD3
4676,ATG9A
4677,RHBDD2
4678,VAV3
4679,ZNF611
4680,RPL22L1
4681,ADHFE1
4682,TP53INP2
4683,NLRC4
4684,ITGAL
4685,CHRNA5
4686,CSNK1E
4687,GPR132
4688,PLAAT3
4689,LIMCH1
4690,RXRA
4691,ADGRG5
4692,AP1S3
4693,SYNPO2
4694,ANKHD1-EIF4EBP3
4695,DNAJC5B
4696,LINC02218
4697,ZNF277
4698,KLHL4
4699,LINC00910
4700,TMEM71
4701,FAM161A
4702,YTHDF3
4703,RRBP1
4704,STX19
4705,GBP4
4706,FOSL1
4707,NFIA
4708,GLI1
4709,GCNA
4710,VAT1
4711,TBPL1
4712,LRRFIP2
4713,TNNT3
4714,MYO16
4715,NDUFA4L2
4716,TNR
4717,WWC3
4718,BIN2
4719,LINC01465
4720,ZNF107
4721,JADE3
4722,PRPS2
4723,SPEF2
4724,EPHX2
4725,DLL3
4726,LINC01685
4727,HSPA12A
4728,ANKDD1B
4729,TNS2
4730,USP44
4731,PAK6
4732,SERHL2
4733,FAM219A
4734,ZBTB17
4735,B3GNT2
4736,PYCARD
4737,RNF145
4738,NUPR2
4739,VSIG8
4740,RFX2
4741,PLCE1
4742,RBBP8
4743,RNF212
4744,CAP1
4745,TBC1D19
4746,PAK3
4747,PDE4DIP
4748,PPP1R10
4749,RLN2
4750,BSPRY
4751,TMEM192
4752,COG6
4753,GTF2H5
4754,HMHB1
4755,PVT1
4756,STRADA
4757,KCND3
4758,DNHD1
4759,DLG3
4760,PROZ
4761,PDZD8
4762,ZNF462
4763,LNX1
4764,FMNL2
4765,SDR42E2
4766,GIMAP6
4767,OTUD7A
4768,RNASEH2A
4769,GDF10
4770,HCG27
4771,DRC7
4772,IGFLR1
4773,CERCAM
4774,TBC1D3D
4775,CA8
4776,SNX25
4777,RAD9A
4778,SCPEP1
4779,SLC44A3
4780,LINC01597
4781,TARS2
4782,RASGRF2
4783,GPI
4784,TNFRSF21
4785,KDM2B-DT
4786,CTBP2
4787,ERFE
4788,MRTFA
4789,GIMAP2
4790,PART1
4791,TAF4B
4792,MEOX1
4793,FOXO1
4794,ERVK3-1
4795,PFN1
4796,PHLDB1
4797,SEPTIN11
4798,S1PR4
4799,PCDHGA5
4800,GOLGA8R
4801,SNCG
4802,CASP3
4803,ABHD3
4804,MAP7D3
4805,SCIMP
4806,ST6GAL1
4807,PCDHGB6
4808,TBKBP1
4809,NUGGC
4810,GPR137C
4811,CARHSP1
4812,KIF3A
4813,ULBP3
4814,KCNQ1
4815,FFAR1
4816,NINL
4817,LRP12
4818,DNASE1
4819,THEM4
4820,ABHD17C
4821,IRAK4
4822,RAP1GAP2
4823,RFESD
4824,ZNF250
4825,ZNF703
4826,MFGE8
4827,ACVR1C
4828,SHISAL2A
4829,TENT5B
4830,GATA6
4831,NPTXR
4832,RBM23
4833,FGF22
4834,CDH20
4835,CATSPERB
4836,ZNF563
4837,GKAP1
4838,LINC01635
4839,SHARPIN
4840,GCLC
4841,DDX42
4842,WASIR2
4843,GNG3
4844,SERPINB9P1
4845,SPRED1
4846,ANTXR2
4847,C8G
4848,ZC3H12D
4849,LINC01374
4850,FBXL22
4851,MCM5
4852,DDHD2
4853,ACP6
4854,ITPRIPL1
4855,CKAP2
4856,LINC02851
4857,ZNF540
4858,MTMR12
4859,ZNF595
4860,TRIM34
4861,TRA2B
4862,PBK
4863,USP32
4864,CXXC5
4865,APOBEC3F
4866,LRATD2
4867,RYBP
4868,PROX2
4869,ZNF267
4870,RABEP2
4871,S100PBP
4872,TMEM98
4873,ZNF431
4874,SOX7
4875,RACGAP1
4876,VWDE
4877,DENND2A
4878,ANKZF1
4879,SNN
4880,SLC20A1
4881,RAD50
4882,FSIP1
4883,LINC00877
4884,CACNG8
4885,MMP11
4886,CMTM6
4887,WDR35
4888,ENAH
4889,ABHD15
4890,ITPR1
4891,HKDC1
4892,NOMO2
4893,PPFIBP1
4894,LOXL2
4895,AP1G1
4896,ENOSF1
4897,DNAH10
4898,MCM2
4899,CELA1
4900,ITGB7
4901,CMTM1
4902,ZBTB20-AS5
4903,CLIC2
4904,BBS1
4905,TMEM263
4906,SNX15
4907,RAPGEF2
4908,ANKRD26
4909,MYDGF
4910,CAPS
4911,SLC35D3
4912,PNMA1
4913,MAP3K9
4914,DHRS13
4915,PPP3CB
4916,SESN2
4917,PRRT2
4918,COPG1
4919,SLC6A16
4920,GNAI3
4921,MATN1
4922,EFHC2
4923,STIMATE
4924,ADRA2B
4925,WNT5A
4926,PTPRN2
4927,TMOD1
4928,RETREG1
4929,XKR4
4930,ACLY
4931,SFXN5
4932,ZMYND10
4933,RGN
4934,SSTR2
4935,MAX
4936,DRC3
4937,NME1
4938,NXPE3
4939,LRRC32
4940,SLC31A2
4941,RAMP2
4942,LINC02595
4943,ITPKB
4944,TMEM205
4945,CYP3A5
4946,FAM153CP
4947,MTTP
4948,DBF4
4949,PIGM
4950,LPAR5
4951,PTTG1IP
4952,PITX1
4953,RNF31
4954,ZNF318
4955,ADRB1
4956,BRMS1
4957,MIR9-3HG
4958,SLC12A2
4959,ZMIZ2
4960,RFTN2
4961,SOGA3
4962,PATJ
4963,LINC00663
4964,PRKCA
4965,FANCI
4966,CLEC4A
4967,RAB20
4968,FBXL13
4969,RIMKLB
4970,SAXO2
4971,ACSM1
4972,GALNT8
4973,CCNL1
4974,NAP1L5
4975,DENND5B
4976,ARL15
4977,CFDP1
4978,TTTY10
4979,UNG
4980,NDRG4
4981,TPRG1
4982,RABGAP1L-DT
4983,TCTN1
4984,SRGAP3
4985,DIRAS1
4986,ZNF709
4987,NR1H3
4988,TMEM106C
4989,ACAD9
4990,CAPN5
4991,ZBTB37
4992,MCM6
4993,PECR
4994,LCORL
4995,LINC00324
4996,NFATC1
4997,RAB4B
4998,CNKSR2
4999,PARD6B
